Column1;Column2;Column3;Column4
9/12/2022/10:56:42;21.70;59.50;1
9/12/2022/12:2:31;21.75;56.50;1
9/12/2022/12:7:32;21.75;57.00;1
9/12/2022/12:12:33;21.80;60.00;1
9/12/2022/12:23:40;21.65;56.50;1
9/12/2022/12:28:41;21.85;56.50;1
9/12/2022/12:33:42;21.80;56.50;1
9/12/2022/12:38:43;21.90;56.50;1
9/12/2022/12:43:45;21.90;57.50;1
9/12/2022/12:48:46;21.95;64.00;1
9/12/2022/12:53:47;21.90;64.50;1
9/12/2022/12:58:48;21.90;63.00;1
9/12/2022/12:3:50;21.95;63.00;1
9/12/2022/12:8:51;21.90;63.00;1
9/12/2022/12:13:52;21.95;63.00;1
9/12/2022/12:18:53;22.00;62.50;1
9/12/2022/12:23:54;22.00;62.50;1
9/12/2022/12:28:56;21.90;60.00;1
9/12/2022/12:33:57;21.95;57.50;1
9/12/2022/12:38:58;21.95;56.00;1
9/12/2022/12:43:59;21.90;55.50;1
9/12/2022/12:49:1;21.90;55.50;1
9/12/2022/12:54:2;21.95;55.50;1
9/12/2022/12:59:3;22.00;55.50;1
9/12/2022/13:4:4;22.00;55.00;1
9/12/2022/13:9:5;21.95;55.50;1
9/12/2022/13:15:34;22.00;56.50;1
9/12/2022/13:20:35;21.95;56.50;1
9/12/2022/13:25:36;21.90;56.50;1
9/12/2022/13:30:37;21.85;56.00;1
9/12/2022/13:35:39;21.95;55.50;1
9/12/2022/13:40:40;21.95;56.50;1
9/12/2022/13:45:41;21.85;56.00;1
9/12/2022/13:56:12;21.95;56.00;1
9/12/2022/14:1:12;21.95;56.00;1
9/12/2022/14:6:13;21.85;55.50;1
9/12/2022/14:12:14;21.95;55.50;1
9/12/2022/17:49:4;21.20;64.00;1
9/12/2022/17:54:5;21.20;64.00;1
9/12/2022/17:59:6;21.15;64.00;1
9/12/2022/18:4:7;21.10;63.50;1
9/12/2022/18:9:9;21.05;59.50;1
9/12/2022/18:14:10;21.05;57.00;1
9/12/2022/18:19:12;21.10;56.50;1
9/12/2022/18:24:12;21.20;56.50;1
9/12/2022/18:29:14;21.15;56.50;1
9/12/2022/18:34:15;21.00;57.50;1
9/12/2022/18:39:16;21.00;56.50;1
9/12/2022/18:44:17;21.15;56.50;1
9/12/2022/18:49:18;21.10;56.50;1
9/12/2022/18:54:20;21.05;57.00;1
9/12/2022/18:59:21;20.95;57.00;1
9/12/2022/19:4:22;20.35;58.00;1
9/12/2022/19:9:23;20.30;60.50;1
9/12/2022/19:14:24;20.35;63.00;1
9/12/2022/19:19:26;20.45;60.00;1
9/12/2022/19:24:27;20.30;59.00;1
9/12/2022/19:29:28;20.35;60.00;1
9/12/2022/19:34:29;20.30;60.50;1
9/12/2022/19:39:31;20.25;63.00;1
9/12/2022/19:44:32;20.20;63.00;1
9/12/2022/19:49:33;20.25;63.00;1
9/12/2022/19:54:34;20.20;63.00;1
9/12/2022/19:59:36;20.20;63.00;1
9/12/2022/20:4:37;20.20;63.00;1
9/12/2022/20:9:38;20.25;63.00;1
9/12/2022/20:14:39;20.45;60.50;1
9/12/2022/20:19:40;20.35;60.50;1
9/12/2022/20:24:42;20.30;61.00;1
9/12/2022/20:29:43;20.25;61.00;1
9/12/2022/20:34:44;20.20;63.00;1
9/12/2022/20:39:45;20.25;63.00;1
9/12/2022/20:44:47;20.30;60.50;1
9/12/2022/20:49:48;20.25;61.00;1
9/12/2022/20:54:49;20.20;63.00;1
9/12/2022/20:59:50;20.20;63.00;1
9/12/2022/21:4:51;20.15;63.00;1
9/12/2022/21:9:53;20.15;63.00;1
9/12/2022/21:14:54;20.10;63.00;1
9/12/2022/21:19:55;20.15;63.00;1
9/12/2022/21:24:56;20.10;63.00;1
9/12/2022/21:29:58;20.15;63.00;1
9/12/2022/21:34:59;20.10;63.00;1
9/12/2022/21:40:0;20.15;63.00;1
9/12/2022/21:45:1;20.10;63.00;1
9/12/2022/21:50:2;20.10;63.00;1
9/12/2022/21:55:4;20.20;63.00;1
9/12/2022/22:0:5;20.20;61.00;1
9/12/2022/22:5:6;20.10;63.00;1
9/12/2022/22:10:7;20.10;63.00;1
9/12/2022/22:15:9;20.00;63.50;1
9/12/2022/22:20:10;19.95;63.50;1
9/12/2022/22:25:12;19.95;63.00;1
9/12/2022/22:30:12;19.40;64.00;1
9/12/2022/22:35:13;19.35;64.50;1
9/12/2022/22:40:15;19.35;64.50;1
9/12/2022/22:45:16;19.95;63.50;1
9/12/2022/22:50:17;20.05;63.00;1
9/12/2022/22:55:18;20.05;63.00;1
9/12/2022/23:0:20;20.05;63.00;1
9/12/2022/23:5:21;19.95;62.50;1
9/12/2022/23:10:22;19.45;63.00;1
9/12/2022/23:15:23;19.95;62.50;1
9/12/2022/23:20:24;19.95;62.50;1
9/12/2022/23:25:26;19.95;62.50;1
9/12/2022/23:30:27;20.10;61.00;1
9/12/2022/23:35:28;20.00;60.50;1
9/12/2022/23:40:29;19.95;60.50;1
9/12/2022/23:45:31;19.40;61.00;1
9/12/2022/23:50:32;19.40;63.00;1
9/12/2022/23:55:33;19.40;62.50;1
10/12/2022/0:0:34;19.35;63.00;1
10/12/2022/0:5:35;19.35;63.00;1
10/12/2022/0:10:37;19.35;63.00;1
10/12/2022/0:15:38;19.30;63.00;1
10/12/2022/0:20:39;19.30;63.00;1
10/12/2022/0:25:40;19.25;63.00;1
10/12/2022/0:30:41;19.25;63.00;1
10/12/2022/0:35:43;19.25;60.50;1
10/12/2022/0:40:44;19.25;60.50;1
10/12/2022/0:45:45;19.20;63.00;1
10/12/2022/0:50:46;19.25;62.50;1
10/12/2022/0:55:48;19.20;61.00;1
10/12/2022/1:0:49;19.25;63.00;1
10/12/2022/1:5:50;19.25;61.00;1
10/12/2022/1:10:51;19.25;63.00;1
10/12/2022/1:15:52;19.25;63.00;1
10/12/2022/1:20:54;19.30;63.00;1
10/12/2022/1:25:55;19.35;63.00;1
10/12/2022/1:30:56;19.35;63.00;1
10/12/2022/1:35:57;19.40;61.00;1
10/12/2022/1:40:58;19.35;63.00;1
10/12/2022/1:46:0;19.40;63.00;1
10/12/2022/1:51:1;19.45;62.50;1
10/12/2022/1:56:2;19.95;60.00;1
10/12/2022/2:1:3;20.00;60.50;1
10/12/2022/2:6:5;19.40;63.00;1
10/12/2022/2:12:6;19.95;62.50;1
10/12/2022/2:16:7;20.00;61.00;1
10/12/2022/2:21:8;19.45;62.50;1
10/12/2022/2:26:9;19.40;63.00;1
10/12/2022/2:31:12;19.40;63.00;1
10/12/2022/2:36:12;19.95;60.50;1
10/12/2022/2:41:13;19.40;63.00;1
10/12/2022/2:46:14;19.40;63.00;1
10/12/2022/2:51:16;19.95;62.00;1
10/12/2022/2:56:17;20.00;60.50;1
10/12/2022/3:1:18;20.00;60.50;1
10/12/2022/3:6:19;19.45;61.00;1
10/12/2022/3:12:20;19.35;63.00;1
10/12/2022/3:16:22;19.95;62.50;1
10/12/2022/3:21:23;20.00;61.00;1
10/12/2022/3:26:24;19.95;60.00;1
10/12/2022/3:31:25;20.00;60.50;1
10/12/2022/3:36:27;19.95;60.00;1
10/12/2022/3:41:28;19.95;60.50;1
10/12/2022/3:46:29;19.40;63.00;1
10/12/2022/3:51:30;19.40;63.00;1
10/12/2022/3:56:31;19.30;63.00;1
10/12/2022/4:1:33;19.35;63.00;1
10/12/2022/4:6:34;19.40;63.00;1
10/12/2022/4:12:35;19.95;62.50;1
10/12/2022/4:16:36;19.40;63.00;1
10/12/2022/4:21:38;19.35;63.00;1
10/12/2022/4:26:39;19.25;63.50;1
10/12/2022/4:31:40;19.30;63.50;1
10/12/2022/4:36:41;19.25;63.50;1
10/12/2022/4:41:42;19.35;63.50;1
10/12/2022/4:46:44;19.25;63.00;1
10/12/2022/4:51:45;19.20;63.50;1
10/12/2022/4:56:46;19.25;63.00;1
10/12/2022/5:1:47;19.20;63.00;1
10/12/2022/5:6:48;19.10;63.50;1
10/12/2022/5:12:50;19.20;63.50;1
10/12/2022/5:16:51;19.25;63.00;1
10/12/2022/5:21:52;19.25;63.00;1
10/12/2022/5:26:53;19.30;63.00;1
10/12/2022/5:31:55;19.20;63.00;1
10/12/2022/5:36:56;19.20;63.50;1
10/12/2022/5:41:57;19.25;63.00;1
10/12/2022/5:46:58;19.35;63.00;1
10/12/2022/5:51:59;19.20;63.00;1
10/12/2022/5:57:1;19.20;63.00;1
10/12/2022/6:2:2;19.30;63.00;1
10/12/2022/6:7:3;19.25;62.50;1
10/12/2022/6:12:4;19.20;63.00;1
10/12/2022/6:17:5;19.20;63.00;1
10/12/2022/6:22:7;19.25;63.00;1
10/12/2022/6:27:8;19.30;62.50;1
10/12/2022/6:32:9;19.35;61.00;1
10/12/2022/6:37:10;19.40;60.50;1
10/12/2022/6:42:12;19.40;60.50;1
10/12/2022/6:47:13;19.30;63.00;1
10/12/2022/6:52:14;19.35;63.00;1
10/12/2022/6:57:15;19.35;63.00;1
10/12/2022/7:2:16;19.30;63.00;1
10/12/2022/7:7:18;19.35;63.00;1
10/12/2022/7:12:19;19.40;63.00;1
10/12/2022/7:17:20;19.95;62.50;1
10/12/2022/7:22:21;19.95;62.50;1
10/12/2022/7:27:22;19.95;62.50;1
10/12/2022/7:32:24;19.95;62.50;1
10/12/2022/7:37:25;19.95;62.50;1
10/12/2022/7:42:26;19.95;63.00;1
10/12/2022/7:47:27;19.40;64.50;1
10/12/2022/7:52:29;19.45;67.00;1
10/12/2022/7:57:30;19.90;66.00;1
10/12/2022/8:2:31;19.40;66.00;1
10/12/2022/8:7:32;19.95;65.00;1
10/12/2022/8:12:33;20.00;65.00;1
10/12/2022/8:17:35;20.00;64.50;1
10/12/2022/8:22:36;20.05;63.00;1
10/12/2022/8:27:37;20.10;57.50;1
10/12/2022/8:32:38;19.15;58.00;1
10/12/2022/8:37:39;20.15;63.00;1
10/12/2022/8:42:41;20.15;63.00;1
10/12/2022/8:47:42;20.15;63.00;1
10/12/2022/8:52:43;19.20;58.00;1
10/12/2022/8:57:44;20.20;57.50;1
10/12/2022/9:2:46;20.25;56.50;1
10/12/2022/9:7:47;19.30;56.50;1
10/12/2022/9:12:48;20.35;56.00;1
10/12/2022/9:17:49;19.95;54.50;1
10/12/2022/9:22:50;19.95;54.00;1
10/12/2022/9:27:52;20.00;54.50;1
10/12/2022/9:32:53;20.05;55.00;1
10/12/2022/9:37:54;20.10;54.50;1
10/12/2022/9:42:55;20.15;53.50;1
10/12/2022/9:47:57;20.15;52.00;1
10/12/2022/9:52:58;20.80;51.50;1
10/12/2022/9:57:59;20.85;51.50;1
10/12/2022/10:3:0;20.90;51.50;1
10/12/2022/10:8:1;20.95;51.50;1
10/12/2022/10:13:3;21.05;52.50;1
10/12/2022/12:50:31;22.20;51.50;1
10/12/2022/12:55:32;22.80;50.50;1
10/12/2022/12:0:33;22.85;50.50;1
10/12/2022/12:5:34;22.85;49.50;1
10/12/2022/12:10:36;22.85;50.00;1
10/12/2022/12:15:37;22.85;50.00;1
10/12/2022/12:20:38;22.85;49.50;1
10/12/2022/12:25:39;22.90;49.00;1
10/12/2022/12:30:41;22.90;48.50;1
10/12/2022/12:35:42;22.90;48.50;1
10/12/2022/12:40:43;22.90;48.50;1
10/12/2022/12:45:44;22.95;48.00;1
10/12/2022/12:50:45;22.95;48.00;1
10/12/2022/12:55:47;22.95;48.00;1
10/12/2022/13:0:48;23.00;48.00;1
10/12/2022/13:5:49;23.05;48.00;1
10/12/2022/13:10:50;23.15;48.50;1
10/12/2022/13:15:51;23.20;47.50;1
10/12/2022/13:20:53;23.20;47.00;1
10/12/2022/13:25:54;23.15;46.00;1
10/12/2022/13:30:55;23.15;46.50;1
10/12/2022/13:35:56;23.05;46.50;1
10/12/2022/13:40:58;23.05;47.00;1
10/12/2022/13:45:59;23.05;46.50;1
10/12/2022/13:51:0;23.00;46.50;1
10/12/2022/13:56:1;23.05;47.00;1
10/12/2022/14:1:2;23.00;47.50;1
10/12/2022/14:6:4;23.00;47.50;1
10/12/2022/14:12:5;23.00;47.50;1
10/12/2022/14:16:6;22.95;47.50;1
10/12/2022/14:21:7;22.90;48.00;1
10/12/2022/14:26:8;22.95;48.00;1
10/12/2022/14:31:10;22.90;48.00;1
10/12/2022/14:36:12;22.90;48.50;1
10/12/2022/14:41:12;22.90;48.50;1
10/12/2022/14:46:13;22.90;48.50;1
10/12/2022/14:51:15;22.90;48.50;1
10/12/2022/14:56:16;22.90;48.50;1
10/12/2022/15:1:17;22.95;48.50;1
10/12/2022/15:6:18;22.90;48.50;1
10/12/2022/15:12:19;22.90;48.50;1
10/12/2022/15:16:21;22.90;48.50;1
10/12/2022/15:21:22;22.90;49.00;1
10/12/2022/15:26:23;22.95;50.50;1
10/12/2022/15:31:24;22.95;50.50;1
10/12/2022/15:36:25;22.90;49.50;1
10/12/2022/15:41:27;22.90;49.50;1
10/12/2022/15:46:28;22.90;50.50;1
10/12/2022/15:51:29;22.90;50.50;1
10/12/2022/15:56:30;22.90;50.50;1
10/12/2022/16:1:31;22.90;50.50;1
10/12/2022/16:6:33;22.90;50.50;1
10/12/2022/16:12:34;22.90;50.00;1
10/12/2022/16:16:35;22.90;50.00;1
10/12/2022/16:21:36;22.90;50.50;1
10/12/2022/16:26:38;22.90;50.50;1
10/12/2022/16:31:39;22.90;50.50;1
10/12/2022/16:36:40;22.85;51.00;1
10/12/2022/16:41:41;22.85;51.00;1
10/12/2022/16:46:42;22.80;51.50;1
10/12/2022/16:51:44;22.80;51.50;1
10/12/2022/16:56:45;22.30;52.00;1
10/12/2022/17:1:46;22.30;52.50;1
10/12/2022/17:6:47;22.25;52.50;1
10/12/2022/17:12:49;22.25;52.50;1
10/12/2022/17:16:50;22.20;52.50;1
10/12/2022/17:21:51;22.20;52.50;1
10/12/2022/17:26:52;22.20;52.50;1
10/12/2022/17:31:53;22.20;52.50;1
10/12/2022/17:36:55;22.15;52.50;1
10/12/2022/17:41:56;22.10;52.00;1
10/12/2022/17:46:57;21.95;52.50;1
10/12/2022/17:51:58;21.95;52.50;1
10/12/2022/17:57:0;21.85;53.00;1
10/12/2022/18:2:1;21.85;53.00;1
10/12/2022/18:7:2;21.95;53.00;1
10/12/2022/18:12:3;21.95;52.50;1
10/12/2022/18:17:5;21.25;53.50;1
10/12/2022/18:22:6;21.25;53.50;1
10/12/2022/18:27:7;21.25;53.50;1
10/12/2022/18:32:8;21.10;54.00;1
10/12/2022/18:37:9;21.05;54.00;1
10/12/2022/18:42:12;21.05;54.00;1
10/12/2022/18:47:12;21.00;55.00;1
10/12/2022/18:52:13;21.00;55.00;1
10/12/2022/18:57:14;20.95;55.00;1
10/12/2022/19:2:16;20.90;55.00;1
10/12/2022/19:7:17;20.90;55.00;1
10/12/2022/19:12:18;20.90;55.00;1
10/12/2022/19:17:19;20.90;54.50;1
10/12/2022/19:22:20;21.35;55.00;1
10/12/2022/19:27:22;20.80;54.00;1
10/12/2022/19:32:23;20.80;54.00;1
10/12/2022/19:37:24;20.95;54.00;1
10/12/2022/19:42:25;20.90;54.00;1
10/12/2022/19:47:27;20.85;54.00;1
10/12/2022/19:52:28;20.75;55.00;1
10/12/2022/19:57:29;20.80;55.00;1
10/12/2022/20:2:30;20.95;54.00;1
10/12/2022/20:7:31;20.95;54.00;1
10/12/2022/20:12:33;20.80;55.00;1
10/12/2022/20:17:34;21.20;56.00;1
10/12/2022/20:22:35;20.20;56.00;1
10/12/2022/20:27:36;20.75;55.00;1
10/12/2022/20:32:38;20.20;55.50;1
10/12/2022/20:37:39;20.20;55.50;1
10/12/2022/20:42:40;20.20;55.50;1
10/12/2022/20:47:41;20.20;55.50;1
10/12/2022/20:52:42;20.20;55.50;1
10/12/2022/20:57:44;20.15;56.00;1
10/12/2022/21:2:45;20.20;55.50;1
10/12/2022/21:7:46;21.15;56.00;1
10/12/2022/21:12:47;20.10;56.50;1
10/12/2022/21:17:48;20.05;56.50;1
10/12/2022/21:22:50;20.10;56.50;1
10/12/2022/21:27:51;20.15;56.00;1
10/12/2022/21:32:52;20.10;56.00;1
10/12/2022/21:37:53;20.10;56.50;1
10/12/2022/21:42:55;20.10;56.50;1
10/12/2022/21:47:56;20.10;56.50;1
10/12/2022/21:52:57;20.10;56.00;1
10/12/2022/21:57:58;20.05;56.50;1
10/12/2022/22:2:59;20.00;57.50;1
10/12/2022/22:8:1;20.95;56.50;1
10/12/2022/22:13:2;20.45;56.50;1
10/12/2022/22:18:3;19.95;57.00;1
10/12/2022/22:23:4;19.95;57.00;1
10/12/2022/22:28:6;20.95;56.50;1
10/12/2022/22:33:7;20.35;57.50;1
10/12/2022/22:38:8;20.35;58.50;1
10/12/2022/22:43:9;19.35;57.50;1
10/12/2022/22:48:10;19.40;57.50;1
10/12/2022/22:53:12;20.35;58.50;1
10/12/2022/22:58:13;19.30;58.00;1
10/12/2022/23:3:14;19.95;57.00;1
10/12/2022/23:8:15;20.00;57.50;1
10/12/2022/23:13:17;19.95;57.50;1
10/12/2022/23:18:18;19.95;57.50;1
10/12/2022/23:23:19;20.00;57.50;1
10/12/2022/23:28:20;20.10;57.00;1
10/12/2022/23:33:21;20.05;57.50;1
10/12/2022/23:38:23;20.00;57.50;1
10/12/2022/23:43:24;20.10;57.00;1
10/12/2022/23:48:25;20.05;57.50;1
10/12/2022/23:53:26;20.00;57.50;1
10/12/2022/23:58:27;20.05;57.50;1
12/12/2022/0:3:29;20.00;57.50;1
12/12/2022/0:8:30;19.95;57.50;1
12/12/2022/0:13:31;20.35;63.00;1
12/12/2022/0:18:32;21.00;59.50;1
12/12/2022/0:23:34;21.00;58.50;1
12/12/2022/0:28:35;19.35;58.00;1
12/12/2022/0:33:36;20.45;63.00;1
12/12/2022/0:38:37;19.95;58.00;1
12/12/2022/0:43:38;19.35;58.00;1
12/12/2022/0:48:40;19.30;58.00;1
12/12/2022/0:53:41;20.40;63.00;1
12/12/2022/0:58:42;20.05;57.50;1
12/12/2022/1:3:43;20.00;58.00;1
12/12/2022/1:8:45;19.40;58.00;1
12/12/2022/1:13:46;19.30;58.00;1
12/12/2022/1:18:47;19.30;58.00;1
12/12/2022/1:23:48;20.35;63.50;1
12/12/2022/1:28:49;20.35;64.00;1
12/12/2022/1:33:51;19.40;58.00;1
12/12/2022/1:38:52;19.95;58.00;1
12/12/2022/1:43:53;19.95;58.00;1
12/12/2022/1:48:54;19.95;58.00;1
12/12/2022/1:53:56;19.95;58.00;1
12/12/2022/1:58:57;19.40;58.00;1
12/12/2022/2:3:58;20.30;63.50;1
12/12/2022/2:8:59;19.30;58.00;1
12/12/2022/2:14:0;19.95;58.00;1
12/12/2022/2:19:2;20.00;58.50;1
12/12/2022/2:24:3;19.40;58.00;1
12/12/2022/2:29:4;19.95;58.00;1
12/12/2022/2:34:5;20.00;58.00;1
12/12/2022/2:39:6;20.05;58.00;1
12/12/2022/2:44:8;20.00;58.50;1
12/12/2022/2:49:9;19.95;58.00;1
12/12/2022/2:54:10;19.35;58.00;1
12/12/2022/2:59:12;20.45;63.50;1
12/12/2022/3:4:13;19.95;58.00;1
12/12/2022/3:9:14;19.95;58.00;1
12/12/2022/3:14:15;19.95;58.00;1
12/12/2022/3:19:16;19.35;58.00;1
12/12/2022/3:24:17;19.95;58.00;1
12/12/2022/3:29:19;19.40;58.00;1
12/12/2022/3:34:20;20.35;63.50;1
12/12/2022/3:39:21;19.90;58.00;1
12/12/2022/3:44:22;19.95;58.00;1
12/12/2022/3:49:24;20.35;63.00;1
12/12/2022/3:54:25;19.30;58.00;1
12/12/2022/3:59:26;20.45;63.00;1
12/12/2022/4:4:27;19.35;58.00;1
12/12/2022/4:9:28;20.45;63.00;1
12/12/2022/4:14:30;19.95;58.00;1
12/12/2022/4:19:31;19.95;57.50;1
12/12/2022/4:24:32;19.95;58.00;1
12/12/2022/4:29:33;19.40;58.00;1
12/12/2022/4:34:35;19.35;58.00;1
12/12/2022/4:39:36;19.30;58.00;1
12/12/2022/4:44:37;20.25;64.50;1
12/12/2022/4:49:38;19.25;58.00;1
12/12/2022/4:54:39;19.20;59.50;1
12/12/2022/4:59:41;19.30;58.00;1
12/12/2022/5:4:42;19.25;58.00;1
12/12/2022/5:9:43;19.15;59.50;1
12/12/2022/5:14:44;19.20;61.00;1
12/12/2022/5:19:46;19.15;63.50;1
12/12/2022/5:24:47;19.20;60.50;1
12/12/2022/5:29:48;19.25;59.00;1
12/12/2022/5:34:49;19.30;58.00;1
12/12/2022/5:39:50;19.30;58.00;1
12/12/2022/5:44:52;19.25;59.00;1
12/12/2022/5:49:53;19.30;59.00;1
12/12/2022/5:54:54;19.30;58.00;1
12/12/2022/5:59:55;20.20;64.50;1
12/12/2022/6:4:57;19.25;58.00;1
12/12/2022/6:9:58;20.20;65.00;1
12/12/2022/6:14:59;19.10;63.50;1
12/12/2022/6:20:0;19.20;63.50;1
12/12/2022/6:25:1;19.20;59.00;1
12/12/2022/6:30:3;19.20;59.50;1
12/12/2022/6:35:4;20.15;65.00;1
12/12/2022/6:40:5;20.10;65.50;1
12/12/2022/6:45:6;20.05;66.00;1
12/12/2022/6:50:8;20.00;66.00;1
12/12/2022/6:55:9;20.05;66.00;1
12/12/2022/7:0:10;20.00;66.00;1
12/12/2022/7:5:12;19.10;63.50;1
12/12/2022/7:10:12;19.20;60.50;1
12/12/2022/7:15:14;19.25;58.00;1
12/12/2022/7:20:15;19.30;58.00;1
12/12/2022/7:25:16;19.30;58.00;1
12/12/2022/7:30:17;19.25;58.00;1
12/12/2022/7:35:19;19.20;61.00;1
12/12/2022/7:40:20;19.25;61.00;1
12/12/2022/7:45:21;19.35;58.00;1
12/12/2022/7:50:22;19.35;59.00;1
12/12/2022/7:55:23;20.45;64.50;1
12/12/2022/8:0:25;19.95;59.50;1
12/12/2022/8:5:26;19.95;58.00;1
12/12/2022/8:10:27;20.00;58.50;1
12/12/2022/8:15:28;20.00;58.50;1
12/12/2022/8:20:30;19.95;59.50;1
12/12/2022/8:25:31;19.95;59.50;1
12/12/2022/8:30:32;19.95;59.00;1
12/12/2022/8:35:33;19.95;58.00;1
12/12/2022/8:40:34;20.00;58.50;1
12/12/2022/8:45:36;20.10;58.50;1
12/12/2022/8:50:37;20.20;58.50;1
12/12/2022/8:55:38;20.20;58.50;1
12/12/2022/9:0:39;20.75;58.00;1
12/12/2022/9:5:41;20.80;59.00;1
12/12/2022/14:35:39;23.00;50.00;1
12/12/2022/14:40:41;23.05;49.50;1
12/12/2022/14:45:42;23.10;48.50;1
12/12/2022/14:50:43;23.10;50.00;1
12/12/2022/14:55:44;23.10;49.00;1
12/12/2022/15:0:46;23.10;49.50;1
12/12/2022/15:5:47;23.10;47.50;1
12/12/2022/15:10:48;23.10;48.50;1
12/12/2022/15:15:49;23.10;48.50;1
12/12/2022/15:20:50;23.10;48.00;1
12/12/2022/15:25:52;23.10;49.50;1
12/12/2022/15:30:53;23.10;49.50;1
12/12/2022/15:35:54;23.10;49.00;1
12/12/2022/15:40:55;23.05;48.00;1
12/12/2022/15:45:57;23.05;50.00;1
12/12/2022/15:50:58;23.05;49.50;1
12/12/2022/15:55:59;23.00;48.50;1
12/12/2022/16:1:0;22.95;48.00;1
12/12/2022/16:6:1;22.90;50.50;1
12/12/2022/16:12:3;22.30;52.00;1
12/12/2022/16:16:4;22.25;52.50;1
12/12/2022/16:21:5;22.20;54.00;1
12/12/2022/16:26:6;22.20;54.00;1
12/12/2022/16:31:7;22.20;54.00;1
12/12/2022/16:36:9;22.20;53.00;1
12/12/2022/16:41:10;22.20;53.50;1
12/12/2022/16:46:12;22.20;52.00;1
12/12/2022/16:51:12;22.15;54.00;1
12/12/2022/16:56:14;22.20;54.50;1
12/12/2022/17:1:15;22.15;54.50;1
12/12/2022/17:6:16;22.15;54.00;1
12/12/2022/17:12:17;22.10;54.00;1
12/12/2022/17:16:18;22.05;53.00;1
12/12/2022/17:21:20;22.00;50.50;1
12/12/2022/17:26:21;21.95;51.50;1
12/12/2022/17:31:22;21.90;51.00;1
12/12/2022/17:36:23;21.90;49.50;1
12/12/2022/17:41:24;21.90;50.00;1
12/12/2022/17:46:26;21.95;50.00;1
12/12/2022/17:51:27;21.85;49.50;1
12/12/2022/17:56:28;21.30;49.50;1
12/12/2022/18:1:29;21.30;49.00;1
12/12/2022/18:6:31;21.30;48.50;1
12/12/2022/18:12:32;21.30;50.00;1
12/12/2022/18:16:33;21.30;50.50;1
12/12/2022/18:21:34;21.20;49.00;1
12/12/2022/18:26:35;21.20;49.00;1
12/12/2022/18:31:37;21.25;52.50;1
12/12/2022/18:36:38;21.15;52.00;1
12/12/2022/18:41:39;21.15;47.00;1
12/12/2022/18:46:40;21.20;48.00;1
12/12/2022/18:51:42;21.20;49.50;1
12/12/2022/18:56:43;21.20;49.50;1
12/12/2022/19:1:44;21.15;50.50;1
12/12/2022/19:6:45;21.15;50.00;1
12/12/2022/19:12:46;21.05;50.50;1
12/12/2022/19:16:48;21.05;50.00;1
12/12/2022/19:21:49;21.05;51.00;1
12/12/2022/19:26:50;21.05;50.00;1
12/12/2022/19:31:51;21.00;49.50;1
12/12/2022/19:36:53;21.05;50.50;1
12/12/2022/19:41:54;21.05;48.50;1
12/12/2022/19:46:55;21.00;47.00;1
12/12/2022/19:51:56;21.00;47.50;1
12/12/2022/19:56:57;20.95;47.50;1
12/12/2022/20:1:59;20.95;48.50;1
12/12/2022/20:7:0;20.95;49.00;1
12/12/2022/20:12:1;20.90;48.50;1
12/12/2022/20:17:2;20.95;48.50;1
12/12/2022/20:22:3;20.90;49.00;1
12/12/2022/20:27:5;20.95;48.50;1
12/12/2022/20:32:6;20.95;50.50;1
12/12/2022/20:37:7;20.90;47.00;1
12/12/2022/20:42:8;20.95;47.00;1
12/12/2022/20:47:10;20.90;48.50;1
12/12/2022/20:52:12;20.95;49.00;1
12/12/2022/20:57:12;20.95;50.50;1
12/12/2022/21:2:13;20.95;48.50;1
12/12/2022/21:7:14;20.90;48.50;1
12/12/2022/21:12:16;20.85;47.50;1
12/12/2022/21:17:17;20.90;50.00;1
12/12/2022/21:22:18;20.90;50.50;1
12/12/2022/21:27:19;20.90;50.00;1
12/12/2022/21:32:21;20.95;49.50;1
12/12/2022/21:37:22;20.95;53.00;1
12/12/2022/21:42:23;20.95;54.00;1
12/12/2022/21:47:24;20.90;48.50;1
12/12/2022/21:52:25;20.85;49.00;1
12/12/2022/21:57:27;20.85;51.00;1
12/12/2022/22:2:28;20.80;48.00;1
12/12/2022/22:7:29;20.85;50.50;1
12/12/2022/22:12:30;20.80;47.50;1
12/12/2022/22:17:31;20.30;47.00;1
12/12/2022/22:22:33;20.80;49.00;1
12/12/2022/22:27:34;20.30;49.00;1
12/12/2022/22:32:35;20.80;48.00;1
12/12/2022/22:37:36;20.75;48.00;1
12/12/2022/22:42:38;20.75;49.00;1
12/12/2022/22:47:39;20.80;53.00;1
12/12/2022/22:52:40;20.80;52.50;1
12/12/2022/22:57:41;20.30;51.00;1
12/12/2022/23:2:42;20.80;52.50;1
12/12/2022/23:7:44;20.80;53.00;1
12/12/2022/23:12:45;20.75;52.00;1
12/12/2022/23:17:46;20.75;51.50;1
12/12/2022/23:22:47;20.25;52.00;1
12/12/2022/23:27:48;20.30;53.50;1
12/12/2022/23:32:50;20.25;53.50;1
12/12/2022/23:37:51;20.15;51.50;1
12/12/2022/23:42:52;20.20;54.00;1
12/12/2022/23:47:53;20.25;54.00;1
12/12/2022/23:52:55;20.15;52.00;1
12/12/2022/23:57:56;20.15;50.50;1
12/12/2022/0:2:57;20.05;52.00;1
12/12/2022/0:7:58;20.15;54.00;1
12/12/2022/0:12:59;20.20;54.50;1
12/12/2022/0:18:1;20.20;54.00;1
12/12/2022/0:23:2;20.10;50.50;1
12/12/2022/0:28:3;20.00;52.00;1
12/12/2022/0:33:4;20.10;53.50;1
12/12/2022/0:38:5;20.15;51.50;1
12/12/2022/0:43:7;19.95;53.00;1
12/12/2022/0:48:8;19.95;50.50;1
12/12/2022/0:53:9;20.05;53.50;1
12/12/2022/0:58:10;20.10;54.00;1
12/12/2022/1:3:12;20.10;54.50;1
12/12/2022/1:8:13;20.10;55.00;1
12/12/2022/1:13:14;20.05;50.50;1
12/12/2022/1:18:15;20.05;54.00;1
12/12/2022/1:23:16;20.05;49.50;1
12/12/2022/1:28:18;20.00;53.00;1
12/12/2022/1:33:19;20.00;54.00;1
12/12/2022/1:38:20;19.35;56.00;1
12/12/2022/1:43:21;19.30;56.50;1
12/12/2022/1:48:22;19.30;56.50;1
12/12/2022/1:53:24;19.30;56.00;1
12/12/2022/1:58:25;20.45;56.00;1
12/12/2022/2:3:26;19.30;57.00;1
12/12/2022/2:8:27;19.30;55.00;1
12/12/2022/2:13:28;19.30;57.00;1
12/12/2022/2:18:30;19.25;57.00;1
12/12/2022/2:23:31;19.25;57.00;1
12/12/2022/2:28:32;19.20;57.00;1
12/12/2022/2:33:33;19.35;56.50;1
12/12/2022/2:38:35;19.95;55.50;1
12/12/2022/2:43:36;19.95;55.50;1
12/12/2022/2:48:37;19.95;55.50;1
12/12/2022/2:53:38;19.95;55.50;1
12/12/2022/2:58:39;19.95;55.50;1
12/12/2022/3:3:41;19.95;55.50;1
12/12/2022/3:8:42;19.95;55.50;1
12/12/2022/3:13:43;19.95;55.00;1
12/12/2022/3:18:44;19.95;55.50;1
12/12/2022/3:23:46;19.95;55.50;1
12/12/2022/3:28:47;19.95;56.00;1
12/12/2022/3:33:48;19.95;56.00;1
12/12/2022/3:38:49;19.95;55.50;1
12/12/2022/3:43:50;19.95;56.00;1
12/12/2022/3:48:52;19.45;56.00;1
12/12/2022/3:53:53;19.95;56.00;1
12/12/2022/3:58:54;19.95;56.00;1
12/12/2022/4:3:55;19.95;56.00;1
12/12/2022/4:8:57;19.95;56.00;1
12/12/2022/4:13:58;19.40;56.00;1
12/12/2022/4:18:59;19.40;56.00;1
12/12/2022/4:24:0;19.45;56.00;1
12/12/2022/4:29:1;19.40;56.00;1
12/12/2022/4:34:3;19.35;56.00;1
12/12/2022/4:39:4;19.30;56.50;1
12/12/2022/4:44:5;19.35;56.00;1
12/12/2022/4:49:6;19.30;56.00;1
12/12/2022/4:54:8;19.20;56.50;1
12/12/2022/4:59:9;19.30;56.00;1
12/12/2022/5:4:10;19.30;56.00;1
12/12/2022/5:9:12;19.20;56.50;1
12/12/2022/5:14:12;19.25;55.50;1
12/12/2022/5:19:14;19.20;56.00;1
12/12/2022/5:24:15;19.25;56.00;1
12/12/2022/5:29:16;19.30;55.50;1
12/12/2022/5:34:17;19.20;55.00;1
12/12/2022/5:39:18;20.20;56.00;1
12/12/2022/5:44:20;20.15;56.00;1
12/12/2022/5:49:21;19.10;56.00;1
12/12/2022/5:54:22;19.10;56.50;1
12/12/2022/5:59:23;19.00;57.50;1
12/12/2022/6:4:25;19.10;56.50;1
12/12/2022/6:9:26;19.20;56.00;1
12/12/2022/6:14:27;19.20;56.00;1
12/12/2022/6:19:28;19.25;56.00;1
12/12/2022/6:24:29;19.15;56.00;1
12/12/2022/6:29:31;19.10;56.50;1
12/12/2022/6:34:32;19.20;56.00;1
12/12/2022/6:39:33;19.25;56.00;1
12/12/2022/6:44:34;19.25;54.00;1
12/12/2022/6:49:35;19.25;55.00;1
12/12/2022/6:54:37;19.15;56.00;1
12/12/2022/6:59:38;19.15;54.50;1
12/12/2022/7:4:39;19.25;56.00;1
12/12/2022/7:9:40;19.30;56.00;1
12/12/2022/7:14:42;19.30;55.50;1
12/12/2022/7:19:43;19.30;54.00;1
12/12/2022/7:24:44;19.35;54.50;1
12/12/2022/7:29:45;19.30;53.00;1
12/12/2022/7:34:46;19.30;53.00;1
12/12/2022/7:39:48;19.35;56.00;1
12/12/2022/7:44:49;19.45;55.50;1
12/12/2022/7:49:50;19.95;56.00;1
12/12/2022/7:54:51;20.00;58.50;1
12/12/2022/7:59:52;20.00;61.00;1
12/12/2022/8:4:54;20.00;58.00;1
12/12/2022/8:9:55;20.05;58.50;1
12/12/2022/8:14:56;20.10;58.50;1
12/12/2022/8:19:57;20.10;58.00;1
12/12/2022/8:24:59;20.15;57.50;1
12/12/2022/8:30:0;20.10;54.00;1
12/12/2022/8:35:1;20.15;54.50;1
12/12/2022/8:40:2;20.20;56.50;1
12/12/2022/8:45:3;20.20;56.00;1
12/12/2022/8:50:5;20.25;55.50;1
12/12/2022/8:55:6;20.25;56.00;1
12/12/2022/9:0:7;20.80;57.00;1
12/12/2022/9:5:8;20.85;57.00;1
12/12/2022/9:10:9;20.85;57.00;1
12/12/2022/9:15:12;20.90;56.50;1
12/12/2022/9:20:12;20.90;56.00;1
12/12/2022/9:25:13;21.00;55.50;1
12/12/2022/9:30:14;21.05;56.00;1
12/12/2022/9:35:16;21.10;55.50;1
12/12/2022/9:40:17;21.15;55.50;1
12/12/2022/9:45:18;21.10;55.00;1
12/12/2022/9:50:19;21.10;55.00;1
12/12/2022/9:55:20;21.10;55.50;1
12/12/2022/10:0:22;21.10;56.00;1
12/12/2022/10:5:23;21.00;56.00;1
12/12/2022/10:10:24;21.00;56.50;1
12/12/2022/10:15:25;21.00;56.50;1
12/12/2022/10:20:27;21.00;57.00;1
12/12/2022/10:25:28;21.00;57.00;1
12/12/2022/10:30:29;21.00;57.50;1
12/12/2022/10:35:30;21.00;57.50;1
12/12/2022/10:40:31;21.00;57.50;1
12/12/2022/10:45:33;21.00;57.50;1
12/12/2022/10:50:34;21.00;57.50;1
12/12/2022/10:55:35;21.00;57.50;1
12/12/2022/12:0:36;21.00;59.00;1
12/12/2022/12:5:38;21.00;59.00;1
12/12/2022/12:10:39;21.00;59.50;1
12/12/2022/12:15:40;21.00;57.50;1
12/12/2022/12:20:41;21.05;58.00;1
12/12/2022/12:25:42;21.10;58.00;1
12/12/2022/12:30:44;21.05;57.50;1
12/12/2022/12:35:45;21.10;57.50;1
12/12/2022/12:40:46;21.15;57.00;1
12/12/2022/12:45:47;21.15;57.00;1
12/12/2022/12:50:49;21.20;57.00;1
12/12/2022/12:55:50;21.20;57.50;1
12/12/2022/12:0:51;21.25;57.00;1
12/12/2022/12:5:52;21.25;57.00;1
12/12/2022/12:10:54;21.20;57.50;1
12/12/2022/12:15:55;21.20;57.50;1
12/12/2022/12:20:56;21.10;57.50;1
12/12/2022/12:25:57;21.15;57.50;1
12/12/2022/12:30:58;21.15;57.50;1
12/12/2022/12:36:0;21.15;57.00;1
12/12/2022/12:41:1;21.15;57.50;1
12/12/2022/12:46:2;21.20;57.00;1
12/12/2022/12:51:3;21.25;57.50;1
12/12/2022/12:56:5;21.25;57.50;1
12/12/2022/13:1:6;21.30;57.50;1
12/12/2022/13:6:7;21.85;59.50;1
12/12/2022/13:12:8;21.85;63.50;1
12/12/2022/13:16:9;21.85;57.50;1
12/12/2022/13:21:12;21.80;56.50;1
12/12/2022/13:26:12;21.80;56.50;1
12/12/2022/13:31:13;21.85;57.00;1
12/12/2022/13:36:14;21.85;56.50;1
12/12/2022/13:41:16;21.85;56.50;1
12/12/2022/13:46:17;21.85;56.50;1
12/12/2022/13:51:18;21.90;56.00;1
12/12/2022/13:56:19;21.90;56.50;1
12/12/2022/14:1:21;21.95;56.00;1
12/12/2022/14:6:22;21.95;56.00;1
12/12/2022/14:12:23;21.95;55.00;1
12/12/2022/14:16:24;22.00;55.00;1
12/12/2022/14:21:25;22.00;54.50;1
12/12/2022/14:26:27;22.00;54.50;1
12/12/2022/14:31:28;22.05;54.50;1
12/12/2022/14:36:29;22.00;54.50;1
12/12/2022/14:41:30;22.05;54.50;1
12/12/2022/14:46:31;22.05;54.50;1
12/12/2022/14:51:33;22.10;54.50;1
12/12/2022/14:56:34;22.10;54.00;1
12/12/2022/15:1:35;22.10;54.00;1
12/12/2022/15:6:36;22.10;54.50;1
12/12/2022/15:12:37;22.10;54.00;1
12/12/2022/15:16:39;22.10;54.00;1
12/12/2022/15:21:40;22.10;54.50;1
12/12/2022/15:26:41;22.10;54.00;1
12/12/2022/15:31:42;22.10;54.00;1
12/12/2022/15:36:43;22.10;54.50;1
12/12/2022/15:41:45;22.10;54.50;1
12/12/2022/15:46:46;22.10;54.00;1
12/12/2022/15:51:47;22.10;53.50;1
12/12/2022/15:56:48;22.10;53.00;1
12/12/2022/16:1:50;22.10;52.50;1
12/12/2022/16:6:51;22.10;52.00;1
12/12/2022/16:12:52;22.05;52.50;1
12/12/2022/16:16:53;22.05;53.00;1
12/12/2022/16:21:54;22.00;53.00;1
12/12/2022/16:26:56;22.00;52.50;1
12/12/2022/16:31:57;21.95;52.50;1
12/12/2022/16:36:58;21.95;51.50;1
12/12/2022/16:41:59;21.90;51.50;1
12/12/2022/16:47:1;21.85;51.00;1
12/12/2022/16:52:2;21.85;52.00;1
12/12/2022/16:57:3;21.30;53.00;1
12/12/2022/17:2:4;21.25;53.00;1
12/12/2022/17:7:5;21.25;54.00;1
12/12/2022/17:12:7;21.20;54.00;1
12/12/2022/17:17:8;21.15;54.50;1
12/12/2022/17:22:9;21.00;55.00;1
12/12/2022/17:27:10;20.95;55.50;1
12/12/2022/17:32:12;20.90;55.50;1
12/12/2022/17:37:13;20.90;55.50;1
12/12/2022/17:42:14;20.85;55.50;1
12/12/2022/17:47:15;20.90;55.50;1
12/12/2022/17:52:16;20.90;55.00;1
12/12/2022/17:57:18;20.95;55.00;1
12/12/2022/18:2:19;20.85;55.00;1
12/12/2022/18:7:20;20.80;55.00;1
12/12/2022/18:12:21;20.80;55.00;1
12/12/2022/18:17:23;20.20;56.00;1
12/12/2022/18:22:24;20.20;56.00;1
12/12/2022/18:27:25;20.10;56.50;1
12/12/2022/18:32:26;20.05;56.50;1
12/12/2022/18:37:27;20.00;56.50;1
12/12/2022/18:42:29;20.00;56.50;1
12/12/2022/18:47:30;20.00;56.00;1
12/12/2022/18:52:31;20.05;56.00;1
12/12/2022/18:57:32;19.45;55.50;1
12/12/2022/19:2:34;19.35;55.00;1
12/12/2022/19:7:35;19.30;55.00;1
12/12/2022/19:12:36;19.30;55.00;1
12/12/2022/19:17:37;19.25;55.00;1
12/12/2022/19:22:38;19.25;55.00;1
12/12/2022/19:27:40;19.20;55.00;1
12/12/2022/19:32:41;19.25;55.00;1
12/12/2022/19:37:42;19.90;54.50;1
12/12/2022/19:42:43;20.00;55.00;1
12/12/2022/19:47:44;20.00;55.00;1
12/12/2022/19:52:46;20.00;55.00;1
12/12/2022/19:57:47;19.95;54.50;1
12/12/2022/20:2:48;20.00;55.00;1
12/12/2022/20:7:49;20.00;55.00;1
12/12/2022/20:12:50;20.05;55.00;1
12/12/2022/20:17:52;20.00;55.00;1
12/12/2022/20:22:53;20.00;55.00;1
12/12/2022/20:27:54;20.05;55.00;1
12/12/2022/20:32:55;20.00;55.00;1
12/12/2022/20:37:56;20.00;55.00;1
12/12/2022/20:42:58;20.00;55.50;1
12/12/2022/20:47:59;20.00;55.50;1
12/12/2022/20:53:0;20.00;56.00;1
12/12/2022/20:58:1;20.00;56.00;1
12/12/2022/21:3:2;20.00;56.00;1
12/12/2022/21:8:4;20.00;56.00;1
12/12/2022/21:13:5;20.00;56.00;1
12/12/2022/21:18:6;20.00;56.00;1
12/12/2022/21:23:7;20.00;56.00;1
12/12/2022/21:28:9;20.00;56.00;1
12/12/2022/21:33:10;19.95;55.50;1
12/12/2022/21:38:12;19.95;55.50;1
12/12/2022/21:43:12;19.95;55.50;1
12/12/2022/21:48:13;19.95;55.50;1
12/12/2022/21:53:15;19.95;55.50;1
12/12/2022/21:58:16;19.95;55.50;1
12/12/2022/22:3:17;19.95;56.00;1
12/12/2022/22:8:18;19.95;56.00;1
12/12/2022/22:13:20;19.95;56.00;1
12/12/2022/22:18:21;19.95;56.00;1
12/12/2022/22:23:22;19.95;56.00;1
12/12/2022/22:28:23;19.95;56.00;1
12/12/2022/22:33:24;19.95;56.00;1
12/12/2022/22:38:26;19.95;56.00;1
12/12/2022/22:43:27;19.95;56.00;1
12/12/2022/22:48:28;19.95;56.00;1
12/12/2022/22:53:29;19.45;56.00;1
12/12/2022/22:58:31;19.40;56.00;1
12/12/2022/23:3:32;19.40;56.00;1
12/12/2022/23:8:33;19.40;56.50;1
12/12/2022/23:13:34;19.40;56.00;1
12/12/2022/23:18:35;19.40;56.00;1
12/12/2022/23:23:37;19.45;56.00;1
12/12/2022/23:28:38;19.40;56.00;1
12/12/2022/23:33:39;19.35;56.50;1
12/12/2022/23:38:40;19.40;56.50;1
12/12/2022/23:43:41;19.35;56.00;1
12/12/2022/23:48:43;19.35;56.50;1
12/12/2022/23:53:44;19.35;56.50;1
12/12/2022/23:58:45;19.35;56.50;1
13/12/2022/0:3:46;19.35;56.50;1
13/12/2022/0:8:48;19.35;57.00;1
13/12/2022/0:13:49;19.35;56.50;1
13/12/2022/0:18:50;19.35;57.00;1
13/12/2022/0:23:51;19.35;56.50;1
13/12/2022/0:28:52;19.35;57.00;1
13/12/2022/0:33:54;19.35;57.00;1
13/12/2022/0:38:55;19.35;57.00;1
13/12/2022/0:43:56;19.30;57.00;1
13/12/2022/0:48:57;19.35;57.00;1
13/12/2022/0:53:59;19.35;57.00;1
13/12/2022/0:59:0;19.35;57.00;1
13/12/2022/1:4:1;19.30;57.00;1
13/12/2022/1:9:2;19.30;57.00;1
13/12/2022/1:14:3;19.30;57.50;1
13/12/2022/1:19:5;19.30;57.50;1
13/12/2022/1:24:6;19.30;57.00;1
13/12/2022/1:29:7;19.30;57.50;1
13/12/2022/1:34:8;19.30;57.50;1
13/12/2022/1:39:10;19.30;57.50;1
13/12/2022/1:44:12;19.30;57.50;1
13/12/2022/1:49:12;19.25;57.50;1
13/12/2022/1:54:13;19.30;57.50;1
13/12/2022/1:59:14;19.25;57.50;1
13/12/2022/2:4:16;19.30;57.50;1
13/12/2022/2:9:17;19.25;57.50;1
13/12/2022/2:14:18;19.25;57.50;1
13/12/2022/2:19:19;19.25;57.50;1
13/12/2022/2:24:21;19.25;57.50;1
13/12/2022/2:29:22;19.25;57.50;1
13/12/2022/2:34:23;19.25;57.50;1
13/12/2022/2:39:24;19.25;57.50;1
13/12/2022/2:44:25;19.25;57.50;1
13/12/2022/2:49:27;19.25;57.50;1
13/12/2022/2:54:28;19.25;57.50;1
13/12/2022/2:59:29;19.25;57.50;1
13/12/2022/3:4:30;19.25;57.50;1
13/12/2022/3:9:32;19.25;57.50;1
13/12/2022/3:14:33;19.20;57.50;1
13/12/2022/3:19:34;19.20;57.50;1
13/12/2022/3:24:35;19.20;57.50;1
13/12/2022/3:29:36;19.20;57.50;1
13/12/2022/3:34:38;19.20;57.50;1
13/12/2022/3:39:39;19.20;57.50;1
13/12/2022/3:44:40;19.20;57.50;1
13/12/2022/3:49:41;19.20;57.50;1
13/12/2022/3:54:43;19.20;57.50;1
13/12/2022/3:59:44;19.20;57.50;1
13/12/2022/4:4:45;19.15;57.50;1
13/12/2022/4:9:46;19.15;57.50;1
13/12/2022/4:14:47;19.20;57.50;1
13/12/2022/4:19:49;19.20;57.50;1
13/12/2022/4:24:50;19.20;57.50;1
13/12/2022/4:29:51;19.15;57.50;1
13/12/2022/4:34:52;19.15;58.00;1
13/12/2022/4:39:54;19.15;58.00;1
13/12/2022/4:44:55;19.15;57.50;1
13/12/2022/4:49:56;19.15;57.50;1
13/12/2022/4:54:57;19.10;58.00;1
13/12/2022/4:59:58;19.10;58.00;1
13/12/2022/5:5:0;19.15;57.50;1
13/12/2022/5:10:1;19.10;57.50;1
13/12/2022/5:15:2;19.10;57.50;1
13/12/2022/5:20:3;19.05;58.00;1
13/12/2022/5:25:5;19.00;58.00;1
13/12/2022/5:30:6;18.95;57.00;1
13/12/2022/5:35:7;19.00;57.50;1
13/12/2022/5:40:8;18.90;57.50;1
13/12/2022/5:45:9;18.95;57.00;1
13/12/2022/5:50:12;18.90;57.50;1
13/12/2022/5:55:12;18.95;57.00;1
13/12/2022/6:0:13;18.95;57.00;1
13/12/2022/6:5:14;19.00;57.50;1
13/12/2022/6:10:16;19.00;57.50;1
13/12/2022/6:15:17;19.00;57.50;1
13/12/2022/6:20:18;19.00;57.50;1
13/12/2022/6:25:19;18.95;57.50;1
13/12/2022/6:30:20;19.00;57.50;1
13/12/2022/6:35:22;19.00;57.50;1
13/12/2022/6:40:23;19.05;57.50;1
13/12/2022/6:45:24;19.05;57.50;1
13/12/2022/6:50:25;19.05;57.50;1
13/12/2022/6:55:26;19.05;57.50;1
13/12/2022/7:0:28;19.10;57.50;1
13/12/2022/7:5:29;19.05;57.50;1
13/12/2022/7:10:30;19.05;56.50;1
13/12/2022/7:15:31;19.05;56.50;1
13/12/2022/7:20:33;18.90;56.00;1
13/12/2022/7:25:34;19.00;56.50;1
13/12/2022/7:30:35;19.05;56.00;1
13/12/2022/7:35:36;19.10;56.00;1
13/12/2022/7:40:37;19.10;55.50;1
13/12/2022/7:45:39;19.10;55.50;1
13/12/2022/7:50:40;19.10;55.50;1
13/12/2022/7:55:41;19.10;55.00;1
13/12/2022/8:0:42;19.05;55.50;1
13/12/2022/8:5:43;19.15;55.00;1
13/12/2022/8:10:45;19.10;55.00;1
13/12/2022/8:15:46;19.15;55.00;1
13/12/2022/8:20:47;19.20;55.00;1
13/12/2022/8:25:48;19.20;54.50;1
13/12/2022/8:30:49;19.25;55.00;1
13/12/2022/8:35:51;19.25;55.00;1
13/12/2022/8:40:52;19.30;55.00;1
13/12/2022/8:45:53;19.30;55.00;1
13/12/2022/8:50:54;19.35;55.00;1
13/12/2022/8:55:56;19.35;55.00;1
13/12/2022/9:0:57;19.40;55.00;1
13/12/2022/9:5:58;19.95;54.50;1
13/12/2022/9:10:59;19.95;54.50;1
13/12/2022/9:16:0;20.00;55.00;1
13/12/2022/9:21:2;20.05;55.00;1
13/12/2022/9:26:3;20.10;55.00;1
13/12/2022/9:31:4;20.10;55.00;1
13/12/2022/9:36:5;20.15;55.00;1
13/12/2022/9:41:6;20.20;55.00;1
13/12/2022/9:46:8;20.75;54.50;1
13/12/2022/9:51:9;20.75;54.50;1
13/12/2022/9:56:10;20.80;54.00;1
13/12/2022/10:1:12;20.80;54.00;1
13/12/2022/10:6:13;20.85;54.00;1
13/12/2022/10:12:14;20.90;53.00;1
13/12/2022/10:16:15;20.95;53.00;1
13/12/2022/10:21:16;20.95;53.00;1
13/12/2022/10:26:17;21.05;53.00;1
13/12/2022/10:31:19;21.05;53.00;1
13/12/2022/10:36:20;21.10;52.50;1
13/12/2022/10:41:21;21.15;52.00;1
13/12/2022/10:46:22;21.15;52.00;1
13/12/2022/10:51:24;21.15;52.00;1
13/12/2022/10:56:25;21.20;52.00;1
13/12/2022/12:1:26;21.20;51.50;1
13/12/2022/12:6:27;21.75;51.00;1
13/12/2022/12:12:28;21.75;50.50;1
13/12/2022/12:16:30;21.80;50.50;1
13/12/2022/12:21:31;21.90;50.50;1
13/12/2022/12:26:32;21.90;50.50;1
13/12/2022/12:31:33;21.95;50.50;1
13/12/2022/12:36:35;21.95;50.00;1
13/12/2022/12:41:36;21.95;49.50;1
13/12/2022/12:46:37;22.00;49.50;1
13/12/2022/12:51:38;22.00;49.00;1
13/12/2022/12:56:39;22.05;48.50;1
13/12/2022/12:1:41;22.10;48.50;1
13/12/2022/12:6:42;22.15;48.00;1
13/12/2022/12:12:43;22.10;47.50;1
13/12/2022/12:16:44;22.15;47.50;1
13/12/2022/12:21:45;22.20;47.50;1
13/12/2022/12:26:47;22.20;47.50;1
13/12/2022/12:31:48;22.25;48.00;1
13/12/2022/12:36:49;22.75;47.00;1
13/12/2022/12:41:50;22.80;47.00;1
13/12/2022/12:46:52;22.80;47.00;1
13/12/2022/12:51:53;22.80;46.50;1
13/12/2022/12:56:54;22.85;46.00;1
13/12/2022/13:1:55;22.85;45.50;1
13/12/2022/13:6:56;22.90;45.00;1
13/12/2022/13:12:58;22.90;44.50;1
13/12/2022/13:16:59;22.95;44.50;1
13/12/2022/13:22:0;22.95;44.00;1
13/12/2022/13:27:1;22.95;44.00;1
13/12/2022/13:32:2;22.95;44.50;1
13/12/2022/13:37:4;22.95;44.50;1
13/12/2022/13:42:5;23.00;44.00;1
13/12/2022/13:47:6;23.00;44.50;1
13/12/2022/13:52:7;23.05;44.50;1
13/12/2022/13:57:8;23.10;44.00;1
13/12/2022/14:2:10;23.10;44.00;1
13/12/2022/14:7:12;23.10;44.00;1
13/12/2022/14:12:12;23.10;44.00;1
13/12/2022/14:17:13;23.05;44.00;1
13/12/2022/14:22:15;23.05;44.00;1
13/12/2022/14:27:16;23.05;44.00;1
13/12/2022/14:32:17;23.10;44.00;1
13/12/2022/14:37:18;23.10;44.50;1
13/12/2022/14:42:19;23.10;44.00;1
13/12/2022/14:47:21;23.15;44.00;1
13/12/2022/14:52:22;23.15;44.00;1
13/12/2022/14:57:23;23.20;44.50;1
13/12/2022/15:2:24;23.15;44.50;1
13/12/2022/15:7:26;23.20;44.00;1
13/12/2022/15:12:27;23.20;44.00;1
13/12/2022/15:17:28;23.20;44.00;1
13/12/2022/15:22:29;23.20;44.00;1
13/12/2022/15:27:30;23.20;44.00;1
13/12/2022/15:32:32;23.20;44.00;1
13/12/2022/15:37:33;23.15;44.00;1
13/12/2022/15:42:34;23.10;44.00;1
13/12/2022/15:47:35;23.10;44.00;1
13/12/2022/15:52:36;23.10;44.00;1
13/12/2022/15:57:38;23.10;44.00;1
13/12/2022/16:2:39;23.10;44.00;1
13/12/2022/16:7:40;23.10;44.50;1
13/12/2022/16:12:41;23.05;44.50;1
13/12/2022/16:17:43;23.05;44.50;1
13/12/2022/16:22:44;23.00;44.50;1
13/12/2022/16:27:45;23.05;44.50;1
13/12/2022/16:32:46;23.00;44.50;1
13/12/2022/16:37:47;23.00;44.50;1
13/12/2022/16:42:49;23.00;44.50;1
13/12/2022/16:47:50;22.95;45.00;1
13/12/2022/16:52:51;22.90;45.00;1
13/12/2022/16:57:52;22.90;45.00;1
13/12/2022/17:2:53;22.90;45.50;1
13/12/2022/17:7:55;22.85;45.50;1
13/12/2022/17:12:56;22.85;45.50;1
13/12/2022/17:17:57;22.80;46.00;1
13/12/2022/17:22:58;22.80;46.50;1
13/12/2022/17:27:59;22.25;47.00;1
13/12/2022/17:33:1;22.25;47.50;1
13/12/2022/17:38:2;22.20;47.50;1
13/12/2022/17:43:3;22.20;48.00;1
13/12/2022/17:48:4;22.15;48.50;1
13/12/2022/17:53:6;22.15;48.50;1
13/12/2022/17:58:7;22.15;48.50;1
13/12/2022/18:3:8;22.10;49.00;1
13/12/2022/18:8:9;22.10;49.00;1
13/12/2022/18:13:10;22.05;49.50;1
13/12/2022/18:18:12;22.00;49.50;1
13/12/2022/18:23:13;21.95;50.00;1
13/12/2022/18:28:14;21.95;50.00;1
13/12/2022/18:33:15;21.95;50.00;1
13/12/2022/18:38:16;21.85;50.50;1
13/12/2022/18:43:18;21.80;50.50;1
13/12/2022/18:48:19;21.85;50.00;1
13/12/2022/18:53:20;21.80;50.00;1
13/12/2022/18:58:21;21.80;50.00;1
13/12/2022/19:3:23;21.80;49.50;1
13/12/2022/19:8:24;21.80;50.00;1
13/12/2022/19:13:25;21.80;50.00;1
13/12/2022/19:18:26;21.80;50.00;1
13/12/2022/19:23:27;21.85;50.00;1
13/12/2022/19:28:29;21.85;50.00;1
13/12/2022/19:33:30;21.85;50.00;1
13/12/2022/19:38:31;21.30;49.50;1
13/12/2022/19:43:32;21.25;50.00;1
13/12/2022/19:48:34;21.30;49.50;1
13/12/2022/19:53:35;21.80;49.50;1
13/12/2022/19:58:36;21.30;49.50;1
13/12/2022/20:3:37;21.25;50.00;1
13/12/2022/20:8:38;21.20;50.00;1
13/12/2022/20:13:40;21.20;50.50;1
13/12/2022/20:18:41;21.25;50.50;1
13/12/2022/20:23:42;21.20;50.00;1
13/12/2022/20:28:43;21.20;50.50;1
13/12/2022/20:33:45;21.20;50.50;1
13/12/2022/20:38:46;21.15;51.00;1
13/12/2022/20:43:47;21.15;51.00;1
13/12/2022/20:48:48;21.15;51.00;1
13/12/2022/20:53:49;21.10;51.00;1
13/12/2022/20:58:51;21.10;51.00;1
13/12/2022/21:3:52;21.15;51.00;1
13/12/2022/21:8:53;21.05;52.00;1
13/12/2022/21:13:54;21.05;52.00;1
13/12/2022/21:18:56;21.10;51.50;1
13/12/2022/21:23:57;21.10;52.00;1
13/12/2022/21:28:58;21.00;52.50;1
13/12/2022/21:33:59;20.95;52.50;1
13/12/2022/21:39:0;20.95;53.00;1
13/12/2022/21:44:2;20.90;53.00;1
13/12/2022/21:49:3;20.95;53.00;1
13/12/2022/21:54:4;20.95;53.00;1
13/12/2022/21:59:5;20.95;53.00;1
13/12/2022/22:4:7;20.95;53.00;1
13/12/2022/22:9:8;20.90;53.50;1
13/12/2022/22:14:9;20.90;53.50;1
13/12/2022/22:19:10;20.90;53.50;1
13/12/2022/22:24:12;20.95;53.50;1
13/12/2022/22:29:13;20.90;54.00;1
13/12/2022/22:34:14;20.95;53.50;1
13/12/2022/22:39:15;20.95;54.00;1
13/12/2022/22:44:16;20.95;53.50;1
13/12/2022/22:49:18;20.95;53.50;1
13/12/2022/22:54:19;20.95;53.50;1
13/12/2022/22:59:20;20.95;53.50;1
13/12/2022/23:4:21;20.95;54.00;1
13/12/2022/23:9:23;20.95;54.00;1
13/12/2022/23:14:24;20.95;54.00;1
13/12/2022/23:19:25;20.95;54.00;1
13/12/2022/23:24:26;20.95;55.00;1
13/12/2022/23:29:27;20.95;55.00;1
13/12/2022/23:34:29;20.90;55.00;1
13/12/2022/23:39:30;20.90;55.00;1
13/12/2022/23:44:31;20.95;55.00;1
13/12/2022/23:49:32;20.90;55.50;1
13/12/2022/23:54:34;20.90;55.00;1
13/12/2022/23:59:35;20.90;55.50;1
14/12/2022/0:4:36;20.90;55.00;1
14/12/2022/0:9:37;20.85;55.50;1
14/12/2022/0:14:38;20.80;56.50;1
14/12/2022/0:19:40;20.85;55.50;1
14/12/2022/0:24:41;20.85;55.50;1
14/12/2022/0:29:42;20.85;55.50;1
14/12/2022/0:34:43;20.25;57.00;1
14/12/2022/0:39:45;20.75;56.50;1
14/12/2022/0:44:46;20.85;56.00;1
14/12/2022/0:49:47;20.85;56.00;1
14/12/2022/0:54:48;20.85;55.50;1
14/12/2022/0:59:49;20.90;55.50;1
14/12/2022/1:4:51;20.90;55.50;1
14/12/2022/1:9:52;20.90;55.50;1
14/12/2022/1:14:53;20.85;55.50;1
14/12/2022/1:19:54;20.90;55.50;1
14/12/2022/1:24:56;20.85;55.50;1
14/12/2022/1:29:57;20.85;56.50;1
14/12/2022/1:34:58;20.25;57.00;1
14/12/2022/1:39:59;20.25;57.00;1
14/12/2022/1:45:0;20.75;56.50;1
14/12/2022/1:50:2;20.20;57.00;1
14/12/2022/1:55:3;20.20;57.50;1
14/12/2022/2:0:4;20.30;57.00;1
14/12/2022/2:5:5;20.80;56.50;1
14/12/2022/2:10:7;20.80;56.50;1
14/12/2022/2:15:8;20.80;56.50;1
14/12/2022/2:20:9;20.80;56.50;1
14/12/2022/2:25:10;20.80;56.50;1
14/12/2022/2:30:12;20.80;56.50;1
14/12/2022/2:35:13;20.75;56.50;1
14/12/2022/2:40:14;20.30;57.00;1
14/12/2022/2:45:15;20.25;57.00;1
14/12/2022/2:50:16;20.15;57.50;1
14/12/2022/2:55:18;20.20;57.50;1
14/12/2022/3:0:19;20.25;57.50;1
14/12/2022/3:5:20;20.25;57.00;1
14/12/2022/3:10:21;20.20;57.00;1
14/12/2022/3:15:22;20.20;57.00;1
14/12/2022/3:20:24;20.20;57.00;1
14/12/2022/3:25:25;20.20;57.00;1
14/12/2022/3:30:26;20.20;57.50;1
14/12/2022/3:35:27;20.10;58.00;1
14/12/2022/3:40:28;20.05;58.00;1
14/12/2022/3:45:30;20.15;57.50;1
14/12/2022/3:50:31;20.15;57.50;1
14/12/2022/3:55:32;20.15;57.50;1
14/12/2022/4:0:33;20.15;57.50;1
14/12/2022/4:5:35;20.15;57.50;1
14/12/2022/4:10:36;20.15;57.50;1
14/12/2022/4:15:37;20.00;58.00;1
14/12/2022/4:20:38;20.00;58.00;1
14/12/2022/4:25:39;20.10;57.50;1
14/12/2022/4:30:41;20.10;57.50;1
14/12/2022/4:35:42;20.10;57.50;1
14/12/2022/4:40:43;20.10;57.50;1
14/12/2022/4:45:44;20.10;57.50;1
14/12/2022/4:50:46;20.10;57.50;1
14/12/2022/4:55:47;20.10;57.50;1
14/12/2022/5:0:48;20.00;58.00;1
14/12/2022/5:5:49;20.05;57.50;1
14/12/2022/5:10:50;20.05;57.50;1
14/12/2022/5:15:52;20.05;57.50;1
14/12/2022/5:20:53;20.05;57.50;1
14/12/2022/5:25:54;20.00;58.00;1
14/12/2022/5:30:55;20.00;57.50;1
14/12/2022/5:35:56;20.00;57.50;1
14/12/2022/5:40:58;20.05;57.50;1
14/12/2022/5:45:59;20.00;57.50;1
14/12/2022/5:51:0;19.95;57.50;1
14/12/2022/5:56:1;19.45;57.50;1
14/12/2022/6:1:3;19.45;57.50;1
14/12/2022/6:6:4;19.95;57.50;1
14/12/2022/6:12:5;19.95;57.00;1
14/12/2022/6:16:6;19.45;57.50;1
14/12/2022/6:21:7;19.95;57.50;1
14/12/2022/6:26:9;20.00;57.50;1
14/12/2022/6:31:10;20.05;57.50;1
14/12/2022/6:36:12;20.05;57.50;1
14/12/2022/6:41:12;20.05;57.50;1
14/12/2022/6:46:13;20.05;58.00;1
14/12/2022/6:51:15;20.10;58.00;1
14/12/2022/6:56:16;20.10;58.00;1
14/12/2022/7:1:17;20.10;58.00;1
14/12/2022/7:6:18;20.15;58.00;1
14/12/2022/7:12:20;20.15;58.00;1
14/12/2022/7:16:21;20.20;58.00;1
14/12/2022/7:21:22;20.25;58.00;1
14/12/2022/7:26:23;20.75;57.50;1
14/12/2022/7:31:24;20.80;57.50;1
14/12/2022/7:36:26;20.80;57.50;1
14/12/2022/7:41:27;20.80;57.50;1
14/12/2022/7:46:28;20.85;57.00;1
14/12/2022/7:51:29;20.85;57.00;1
14/12/2022/7:56:31;20.85;57.00;1
14/12/2022/8:1:32;20.85;57.00;1
14/12/2022/8:6:33;20.90;57.00;1
14/12/2022/8:12:34;20.90;57.00;1
14/12/2022/8:16:35;20.90;57.00;1
14/12/2022/8:21:37;20.90;57.00;1
14/12/2022/8:26:38;20.90;56.50;1
14/12/2022/8:31:39;20.90;56.50;1
14/12/2022/8:36:40;20.95;56.50;1
14/12/2022/8:41:42;20.95;56.50;1
14/12/2022/8:46:43;20.95;56.00;1
14/12/2022/8:51:44;20.95;56.00;1
14/12/2022/8:56:45;20.95;55.50;1
14/12/2022/9:1:46;20.95;55.50;1
14/12/2022/9:6:48;21.00;55.00;1
14/12/2022/9:12:49;21.05;55.00;1
14/12/2022/9:16:50;21.10;55.00;1
14/12/2022/9:21:51;21.10;54.50;1
14/12/2022/9:26:53;21.15;53.50;1
14/12/2022/9:31:54;21.20;53.50;1
14/12/2022/9:36:55;21.25;53.50;1
14/12/2022/9:41:56;21.75;53.00;1
14/12/2022/9:46:58;21.80;53.00;1
14/12/2022/9:51:59;21.85;52.50;1
14/12/2022/9:57:0;21.95;52.50;1
14/12/2022/10:2:1;21.95;52.00;1
14/12/2022/10:7:2;22.00;52.00;1
14/12/2022/10:12:4;22.05;51.50;1
14/12/2022/10:17:5;22.05;52.00;1
14/12/2022/10:22:6;22.05;52.00;1
14/12/2022/10:27:7;22.05;52.00;1
14/12/2022/10:32:8;22.00;52.00;1
14/12/2022/10:37:10;22.05;52.00;1
14/12/2022/10:42:12;22.10;52.00;1
14/12/2022/10:47:12;22.10;51.50;1
14/12/2022/10:52:13;22.15;51.00;1
14/12/2022/10:57:15;22.15;51.00;1
14/12/2022/12:2:16;22.15;51.00;1
14/12/2022/12:7:17;22.15;51.00;1
14/12/2022/12:12:18;22.15;51.00;1
14/12/2022/12:17:19;22.20;51.00;1
14/12/2022/12:22:21;22.20;51.00;1
14/12/2022/12:27:22;22.25;51.00;1
14/12/2022/12:32:23;22.25;51.00;1
14/12/2022/12:37:24;22.80;49.50;1
14/12/2022/12:42:26;22.85;50.00;1
14/12/2022/12:47:27;22.90;50.50;1
14/12/2022/12:52:28;22.90;50.50;1
14/12/2022/12:57:29;22.95;50.00;1
14/12/2022/12:2:30;23.00;50.00;1
14/12/2022/12:7:32;23.05;49.50;1
14/12/2022/12:12:33;23.05;49.50;1
14/12/2022/12:17:34;23.10;49.00;1
14/12/2022/12:22:35;23.15;48.50;1
14/12/2022/12:27:37;23.20;48.00;1
14/12/2022/12:32:38;23.25;48.00;1
14/12/2022/12:37:39;23.30;47.50;1
14/12/2022/12:42:40;23.80;47.50;1
14/12/2022/12:47:41;23.85;47.50;1
14/12/2022/12:52:43;23.80;47.50;1
14/12/2022/12:57:44;23.85;47.50;1
14/12/2022/13:2:45;23.80;47.50;1
14/12/2022/13:7:46;23.30;47.00;1
14/12/2022/13:12:48;23.80;47.00;1
14/12/2022/13:17:49;23.80;46.50;1
14/12/2022/13:22:50;23.30;46.50;1
14/12/2022/13:27:51;23.85;46.50;1
14/12/2022/13:32:53;23.85;46.50;1
14/12/2022/13:37:54;23.95;46.50;1
14/12/2022/13:42:55;23.95;47.00;1
14/12/2022/13:47:56;23.95;46.50;1
14/12/2022/13:52:57;23.90;47.00;1
14/12/2022/13:57:59;23.90;46.50;1
14/12/2022/14:3:0;23.85;47.00;1
14/12/2022/14:8:1;23.35;47.00;1
14/12/2022/14:13:2;23.25;47.00;1
14/12/2022/14:18:4;23.30;46.50;1
14/12/2022/14:23:5;23.30;46.50;1
14/12/2022/14:28:6;23.30;46.50;1
14/12/2022/14:33:7;23.30;46.50;1
14/12/2022/14:38:9;23.80;46.00;1
14/12/2022/14:43:10;23.85;46.50;1
14/12/2022/14:48:12;23.90;46.50;1
14/12/2022/14:53:12;23.90;46.50;1
14/12/2022/14:58:13;23.90;46.50;1
14/12/2022/15:3:15;23.90;47.00;1
14/12/2022/15:8:16;23.85;47.00;1
14/12/2022/15:13:17;23.85;47.00;1
14/12/2022/15:18:18;23.85;46.50;1
14/12/2022/15:23:20;23.90;46.50;1
14/12/2022/15:28:21;23.90;46.50;1
14/12/2022/15:33:22;23.90;46.50;1
14/12/2022/15:38:23;23.90;46.50;1
14/12/2022/15:43:25;23.85;46.50;1
14/12/2022/15:48:26;23.85;46.00;1
14/12/2022/15:53:27;23.85;45.50;1
14/12/2022/15:58:28;23.85;45.50;1
14/12/2022/16:3:29;23.85;45.50;1
14/12/2022/16:8:31;23.35;45.50;1
14/12/2022/16:13:32;23.30;45.50;1
14/12/2022/16:18:33;23.30;45.00;1
14/12/2022/16:23:34;23.30;45.00;1
14/12/2022/16:28:36;23.25;45.50;1
14/12/2022/16:33:37;23.25;45.50;1
14/12/2022/16:38:38;23.20;45.50;1
14/12/2022/16:43:39;23.20;45.50;1
14/12/2022/16:48:40;23.20;45.50;1
14/12/2022/16:53:42;23.15;46.00;1
14/12/2022/16:58:43;23.10;45.50;1
14/12/2022/17:3:44;23.10;46.00;1
14/12/2022/17:8:45;23.05;46.00;1
14/12/2022/17:13:47;23.05;46.00;1
14/12/2022/17:18:48;23.00;46.00;1
14/12/2022/17:23:49;23.00;46.50;1
14/12/2022/17:28:50;23.00;46.00;1
14/12/2022/17:33:51;23.00;46.50;1
14/12/2022/17:38:53;22.95;47.00;1
14/12/2022/17:43:54;22.90;47.50;1
14/12/2022/17:48:55;22.90;48.00;1
14/12/2022/17:53:56;22.80;48.00;1
14/12/2022/17:58:58;22.25;48.50;1
14/12/2022/18:3:59;22.20;49.00;1
14/12/2022/18:9:0;22.15;49.00;1
14/12/2022/18:14:1;22.15;49.00;1
14/12/2022/18:19:2;22.15;49.00;1
14/12/2022/18:24:4;22.15;49.00;1
14/12/2022/18:29:5;22.10;49.00;1
14/12/2022/18:34:6;22.10;49.00;1
14/12/2022/18:39:7;22.15;49.00;1
14/12/2022/18:44:8;22.15;49.00;1
14/12/2022/18:49:10;22.15;49.00;1
14/12/2022/18:54:12;22.15;49.00;1
14/12/2022/18:59:12;22.10;49.50;1
14/12/2022/19:4:13;22.05;49.50;1
14/12/2022/19:9:14;22.05;49.50;1
14/12/2022/19:14:16;22.10;49.50;1
14/12/2022/19:19:17;22.05;49.50;1
14/12/2022/19:24:18;22.00;49.50;1
14/12/2022/19:29:19;21.95;50.00;1
14/12/2022/19:34:20;21.95;50.00;1
14/12/2022/19:39:22;21.95;50.00;1
14/12/2022/19:44:23;21.90;50.00;1
14/12/2022/19:49:24;21.95;50.00;1
14/12/2022/19:54:25;21.95;50.00;1
14/12/2022/19:59:27;21.85;50.00;1
14/12/2022/20:4:28;21.90;50.00;1
14/12/2022/20:9:29;21.90;50.00;1
14/12/2022/20:14:30;21.85;50.50;1
14/12/2022/20:19:31;21.25;50.50;1
14/12/2022/20:24:33;21.25;50.50;1
14/12/2022/20:29:34;21.20;50.50;1
14/12/2022/20:34:35;21.20;50.50;1
14/12/2022/20:39:36;21.20;50.50;1
14/12/2022/20:44:38;21.20;50.50;1
14/12/2022/20:49:39;21.20;50.50;1
14/12/2022/20:54:40;21.25;50.50;1
14/12/2022/20:59:41;21.25;50.00;1
14/12/2022/21:4:42;21.25;50.50;1
14/12/2022/21:9:44;21.20;50.50;1
14/12/2022/21:14:45;21.25;50.50;1
14/12/2022/21:19:46;21.20;50.50;1
14/12/2022/21:24:47;21.20;51.00;1
14/12/2022/21:29:49;21.15;51.00;1
14/12/2022/21:34:50;21.20;51.50;1
14/12/2022/21:39:51;21.15;52.00;1
14/12/2022/21:44:52;21.15;52.00;1
14/12/2022/21:49:53;21.20;52.00;1
14/12/2022/21:54:55;21.20;51.50;1
14/12/2022/21:59:56;21.15;52.00;1
14/12/2022/22:4:57;21.15;52.00;1
14/12/2022/22:9:58;21.15;52.00;1
14/12/2022/22:15:0;21.20;52.00;1
14/12/2022/22:20:1;21.20;52.00;1
14/12/2022/22:25:2;21.20;52.50;1
14/12/2022/22:30:3;21.15;52.50;1
14/12/2022/22:35:5;21.10;53.00;1
14/12/2022/22:40:6;21.10;52.50;1
14/12/2022/22:45:7;21.15;52.50;1
14/12/2022/22:50:8;21.10;52.50;1
14/12/2022/22:55:9;21.10;52.50;1
14/12/2022/23:0:12;21.05;52.50;1
14/12/2022/23:5:12;21.10;52.50;1
14/12/2022/23:10:13;20.95;53.00;1
14/12/2022/23:15:14;20.95;53.00;1
14/12/2022/23:20:16;20.90;53.00;1
14/12/2022/23:25:17;20.95;53.00;1
14/12/2022/23:30:18;20.90;53.00;1
14/12/2022/23:35:19;20.85;53.00;1
14/12/2022/23:40:20;20.85;53.00;1
14/12/2022/23:45:22;20.90;53.00;1
14/12/2022/23:50:23;20.85;53.00;1
14/12/2022/23:55:24;20.75;53.50;1
15/12/2022/0:0:25;20.85;53.00;1
15/12/2022/0:5:27;20.25;53.50;1
15/12/2022/0:10:28;20.80;53.00;1
15/12/2022/0:15:29;20.90;52.50;1
15/12/2022/0:20:30;20.80;53.00;1
15/12/2022/0:25:31;20.85;52.50;1
15/12/2022/0:30:33;20.20;53.50;1
15/12/2022/0:35:34;20.20;54.00;1
15/12/2022/0:40:35;20.20;53.50;1
15/12/2022/0:45:36;20.10;54.00;1
15/12/2022/0:50:38;20.20;53.50;1
15/12/2022/0:55:39;20.15;53.50;1
15/12/2022/1:0:40;20.10;54.00;1
15/12/2022/1:5:41;20.00;54.00;1
15/12/2022/1:10:42;20.00;54.00;1
15/12/2022/1:15:44;20.05;54.00;1
15/12/2022/1:20:45;20.00;54.00;1
15/12/2022/1:25:46;20.00;54.00;1
15/12/2022/1:30:47;20.15;53.50;1
15/12/2022/1:35:48;20.20;53.00;1
15/12/2022/1:40:50;20.25;53.00;1
15/12/2022/1:45:51;20.75;52.50;1
15/12/2022/1:50:52;20.75;52.50;1
15/12/2022/1:55:53;20.75;52.50;1
15/12/2022/2:0:55;20.80;52.50;1
15/12/2022/2:5:56;20.80;52.50;1
15/12/2022/2:10:57;20.75;52.50;1
15/12/2022/2:15:58;20.75;52.50;1
15/12/2022/2:20:59;20.25;53.50;1
15/12/2022/2:26:1;20.20;53.50;1
15/12/2022/2:31:2;20.25;53.00;1
15/12/2022/2:36:3;20.25;53.00;1
15/12/2022/2:41:4;20.20;53.50;1
15/12/2022/2:46:5;20.15;53.50;1
15/12/2022/2:51:7;20.20;53.50;1
15/12/2022/2:56:8;20.20;53.50;1
15/12/2022/3:1:9;20.15;53.50;1
15/12/2022/3:6:10;20.15;53.50;1
15/12/2022/3:12:12;20.15;53.50;1
15/12/2022/3:16:13;20.05;54.00;1
15/12/2022/3:21:14;20.10;53.50;1
15/12/2022/3:26:15;20.15;53.50;1
15/12/2022/3:31:16;20.15;53.50;1
15/12/2022/3:36:18;20.15;53.50;1
15/12/2022/3:41:19;20.05;53.50;1
15/12/2022/3:46:20;19.40;54.00;1
15/12/2022/3:51:21;20.00;54.00;1
15/12/2022/3:56:22;20.05;53.50;1
15/12/2022/4:1:24;20.05;53.50;1
15/12/2022/4:6:25;20.05;53.50;1
15/12/2022/4:12:26;20.05;53.50;1
15/12/2022/4:16:27;20.05;53.50;1
15/12/2022/4:21:29;20.05;53.50;1
15/12/2022/4:26:30;20.05;53.50;1
15/12/2022/4:31:31;20.05;53.50;1
15/12/2022/4:36:32;20.05;53.50;1
15/12/2022/4:41:33;20.05;53.50;1
15/12/2022/4:46:35;19.95;53.50;1
15/12/2022/4:51:36;19.35;53.50;1
15/12/2022/4:56:37;19.35;53.50;1
15/12/2022/5:1:38;19.95;53.50;1
15/12/2022/5:6:39;19.40;53.00;1
15/12/2022/5:12:41;19.45;53.00;1
15/12/2022/5:16:42;19.95;53.00;1
15/12/2022/5:21:43;19.45;53.00;1
15/12/2022/5:26:44;19.40;53.00;1
15/12/2022/5:31:46;19.25;53.50;1
15/12/2022/5:36:47;19.25;53.50;1
15/12/2022/5:41:48;19.35;53.00;1
15/12/2022/5:46:49;19.35;53.00;1
15/12/2022/5:51:50;19.30;52.50;1
15/12/2022/5:56:52;19.30;53.00;1
15/12/2022/6:1:53;19.30;52.50;1
15/12/2022/6:6:54;19.20;53.00;1
15/12/2022/6:12:55;19.30;53.00;1
15/12/2022/6:16:56;19.30;52.50;1
15/12/2022/6:21:58;19.20;53.00;1
15/12/2022/6:26:59;19.30;53.00;1
15/12/2022/6:32:0;19.30;53.00;1
15/12/2022/6:37:1;19.35;53.00;1
15/12/2022/6:42:2;19.30;53.00;1
15/12/2022/6:47:4;19.25;53.50;1
15/12/2022/6:52:5;19.35;53.00;1
15/12/2022/6:57:6;19.40;53.00;1
15/12/2022/7:2:7;19.95;53.00;1
15/12/2022/7:7:9;19.95;53.00;1
15/12/2022/7:12:10;19.95;53.00;1
15/12/2022/7:17:12;19.95;53.00;1
15/12/2022/7:22:12;19.95;53.00;1
15/12/2022/7:27:13;19.95;53.00;1
15/12/2022/7:32:15;20.00;54.00;1
15/12/2022/7:37:16;20.00;54.00;1
15/12/2022/7:42:17;20.00;53.50;1
15/12/2022/7:47:18;20.10;53.50;1
15/12/2022/7:52:19;20.10;53.50;1
15/12/2022/7:57:21;20.15;53.50;1
15/12/2022/8:2:22;20.20;53.00;1
15/12/2022/8:7:23;20.75;52.50;1
15/12/2022/8:12:24;20.80;52.50;1
15/12/2022/8:17:26;20.85;52.00;1
15/12/2022/8:22:27;20.90;51.50;1
15/12/2022/8:27:28;20.90;51.50;1
15/12/2022/8:32:29;20.95;51.00;1
15/12/2022/8:37:30;21.00;50.50;1
15/12/2022/8:42:32;21.05;50.50;1
15/12/2022/8:47:33;21.10;50.50;1
15/12/2022/8:52:34;21.10;50.00;1
15/12/2022/8:57:35;21.15;50.00;1
15/12/2022/9:2:36;21.20;50.00;1
15/12/2022/9:7:38;21.75;49.50;1
15/12/2022/9:12:39;21.80;49.50;1
15/12/2022/9:17:40;21.85;49.50;1
15/12/2022/9:22:41;21.90;49.50;1
15/12/2022/9:27:43;21.95;49.00;1
15/12/2022/9:32:44;21.95;49.00;1
15/12/2022/9:37:45;22.00;49.00;1
15/12/2022/9:42:46;22.00;49.00;1
15/12/2022/9:47:47;22.05;48.50;1
15/12/2022/9:52:49;22.10;48.00;1
15/12/2022/9:57:50;22.10;48.00;1
15/12/2022/10:2:51;22.20;47.50;1
15/12/2022/10:7:52;22.20;47.50;1
15/12/2022/10:12:53;22.25;47.50;1
15/12/2022/10:17:55;22.75;47.00;1
15/12/2022/10:22:56;22.80;46.50;1
15/12/2022/10:27:57;22.85;46.50;1
15/12/2022/10:32:58;22.90;46.50;1
15/12/2022/10:37:59;22.90;46.50;1
15/12/2022/10:43:1;22.95;46.00;1
15/12/2022/10:48:2;23.00;46.00;1
15/12/2022/10:53:3;23.00;45.50;1
15/12/2022/10:58:4;23.05;45.50;1
15/12/2022/12:3:6;23.10;45.50;1
15/12/2022/12:8:7;23.15;45.50;1
15/12/2022/12:13:8;23.20;45.50;1
15/12/2022/12:18:9;23.25;45.50;1
15/12/2022/12:23:10;23.25;45.00;1
15/12/2022/12:28:12;23.25;45.00;1
15/12/2022/12:33:13;23.25;45.00;1
15/12/2022/12:38:14;23.25;45.00;1
15/12/2022/12:43:15;23.80;45.00;1
15/12/2022/12:48:16;23.85;45.00;1
15/12/2022/12:53:18;23.90;45.00;1
15/12/2022/12:58:19;23.90;44.50;1
15/12/2022/12:3:20;23.95;44.00;1
15/12/2022/12:8:21;24.00;44.50;1
15/12/2022/12:13:23;24.05;45.00;1
15/12/2022/12:18:24;24.05;44.50;1
15/12/2022/12:23:25;24.10;44.50;1
15/12/2022/12:28:26;24.15;44.50;1
15/12/2022/12:33:27;24.15;44.50;1
15/12/2022/12:38:29;24.15;44.50;1
15/12/2022/12:43:30;24.15;45.00;1
15/12/2022/12:48:31;24.10;45.00;1
15/12/2022/12:53:32;24.05;45.00;1
15/12/2022/12:58:34;24.10;45.00;1
15/12/2022/13:3:35;24.10;45.00;1
15/12/2022/13:8:36;24.10;45.00;1
15/12/2022/13:13:37;24.10;45.00;1
15/12/2022/13:18:38;24.05;45.00;1
15/12/2022/13:23:40;24.00;45.50;1
15/12/2022/13:28:41;24.00;46.00;1
15/12/2022/13:33:42;23.95;45.50;1
15/12/2022/13:38:43;23.95;46.00;1
15/12/2022/13:43:45;23.95;46.00;1
15/12/2022/13:48:46;24.00;46.50;1
15/12/2022/13:53:47;24.05;46.00;1
15/12/2022/13:58:48;24.10;46.00;1
15/12/2022/14:3:49;24.15;46.00;1
15/12/2022/14:8:51;24.20;46.00;1
15/12/2022/14:13:52;24.25;45.50;1
15/12/2022/14:18:53;24.75;45.00;1
15/12/2022/14:23:54;24.75;45.00;1
15/12/2022/14:28:56;24.75;45.00;1
15/12/2022/14:33:57;24.80;45.00;1
15/12/2022/14:38:58;24.80;45.00;1
15/12/2022/14:43:59;24.85;45.00;1
15/12/2022/14:49:1;24.85;45.00;1
15/12/2022/14:54:2;24.85;45.00;1
15/12/2022/14:59:3;24.85;45.00;1
15/12/2022/15:4:4;24.80;45.00;1
15/12/2022/15:9:5;24.30;45.50;1
15/12/2022/15:14:7;24.20;46.00;1
15/12/2022/15:19:8;24.15;45.50;1
15/12/2022/15:24:9;24.15;45.50;1
15/12/2022/15:29:10;24.10;45.50;1
15/12/2022/15:34:12;24.05;46.00;1
15/12/2022/15:39:13;24.05;46.00;1
15/12/2022/15:44:14;24.00;46.00;1
15/12/2022/15:49:15;24.00;44.50;1
15/12/2022/15:54:16;23.95;44.50;1
15/12/2022/15:59:18;23.95;44.50;1
15/12/2022/16:4:19;23.35;44.50;1
15/12/2022/16:9:20;23.35;44.50;1
15/12/2022/16:14:21;23.30;45.00;1
15/12/2022/16:19:23;23.30;45.50;1
15/12/2022/16:24:24;23.30;45.50;1
15/12/2022/16:29:25;23.25;45.50;1
15/12/2022/16:34:26;23.25;46.00;1
15/12/2022/16:39:27;23.25;46.00;1
15/12/2022/16:44:29;23.20;46.00;1
15/12/2022/16:49:30;23.10;46.50;1
15/12/2022/16:54:31;23.05;47.50;1
15/12/2022/16:59:32;23.05;48.50;1
15/12/2022/17:4:34;23.00;48.50;1
15/12/2022/17:9:35;22.95;48.50;1
15/12/2022/17:14:36;22.95;49.00;1
15/12/2022/17:19:37;22.95;48.00;1
15/12/2022/17:24:38;23.00;48.00;1
15/12/2022/17:29:40;23.05;48.00;1
15/12/2022/17:34:41;23.00;48.00;1
15/12/2022/17:39:42;22.95;48.50;1
15/12/2022/17:44:43;22.95;49.00;1
15/12/2022/17:49:44;22.90;49.00;1
15/12/2022/17:54:46;22.90;49.00;1
15/12/2022/17:59:47;22.85;49.00;1
15/12/2022/18:4:48;22.85;49.00;1
15/12/2022/18:9:49;22.85;49.00;1
15/12/2022/18:14:51;22.85;49.50;1
15/12/2022/18:19:52;22.80;50.00;1
15/12/2022/18:24:53;22.30;51.00;1
15/12/2022/18:29:54;22.25;51.00;1
15/12/2022/18:34:55;22.25;51.00;1
15/12/2022/18:39:57;22.20;51.00;1
15/12/2022/18:44:58;22.15;51.00;1
15/12/2022/18:49:59;22.20;51.00;1
15/12/2022/18:55:0;22.20;51.00;1
15/12/2022/19:0:2;22.20;51.00;1
15/12/2022/19:5:3;22.20;51.00;1
15/12/2022/19:10:4;22.15;51.00;1
15/12/2022/19:15:5;22.10;50.50;1
15/12/2022/19:20:6;22.20;50.50;1
15/12/2022/19:25:8;22.20;50.50;1
15/12/2022/19:30:9;22.10;50.50;1
15/12/2022/19:35:10;22.10;50.50;1
15/12/2022/19:40:12;22.10;50.50;1
15/12/2022/19:45:13;22.10;51.00;1
15/12/2022/19:50:14;22.05;51.00;1
15/12/2022/19:55:15;22.05;51.00;1
15/12/2022/20:0:16;22.10;51.00;1
15/12/2022/20:5:17;22.10;51.00;1
15/12/2022/20:10:19;22.05;50.50;1
15/12/2022/20:15:20;22.05;51.00;1
15/12/2022/20:20:21;22.05;50.50;1
15/12/2022/20:25:22;22.05;51.00;1
15/12/2022/20:30:23;22.05;50.50;1
15/12/2022/20:35:25;22.05;51.00;1
15/12/2022/20:40:26;22.05;51.00;1
15/12/2022/20:45:27;22.10;51.00;1
15/12/2022/20:50:28;22.05;51.00;1
15/12/2022/20:55:30;22.05;51.50;1
15/12/2022/21:0:31;22.05;51.50;1
15/12/2022/21:5:32;22.05;51.50;1
15/12/2022/21:10:33;22.05;51.50;1
15/12/2022/21:15:34;22.00;52.00;1
15/12/2022/21:20:36;22.00;52.00;1
15/12/2022/21:25:37;22.00;52.00;1
15/12/2022/21:30:38;22.00;52.00;1
15/12/2022/21:35:39;21.95;52.00;1
15/12/2022/21:40:41;21.95;52.50;1
15/12/2022/21:45:42;21.90;52.50;1
15/12/2022/21:50:43;21.90;52.50;1
15/12/2022/21:55:44;21.90;52.50;1
15/12/2022/22:0:45;21.30;53.00;1
15/12/2022/22:5:47;21.25;53.00;1
15/12/2022/22:10:48;21.30;53.00;1
15/12/2022/22:15:49;21.30;53.00;1
15/12/2022/22:20:50;21.30;53.00;1
15/12/2022/22:25:52;21.30;53.00;1
15/12/2022/22:30:53;21.30;52.50;1
15/12/2022/22:35:54;21.25;53.00;1
15/12/2022/22:40:55;21.25;53.00;1
15/12/2022/22:45:57;21.20;53.00;1
15/12/2022/22:50:58;21.15;53.00;1
15/12/2022/22:55:59;21.15;53.00;1
15/12/2022/23:1:0;21.15;53.00;1
15/12/2022/23:6:1;21.10;53.00;1
15/12/2022/23:12:3;21.10;53.00;1
15/12/2022/23:16:4;21.15;53.00;1
15/12/2022/23:21:5;21.15;53.00;1
15/12/2022/23:26:6;21.10;53.00;1
15/12/2022/23:31:8;20.95;53.50;1
15/12/2022/23:36:9;20.90;53.50;1
15/12/2022/23:41:10;20.90;53.50;1
15/12/2022/23:46:12;20.85;54.00;1
15/12/2022/23:51:12;20.90;53.50;1
15/12/2022/23:56:14;21.05;53.00;1
16/12/2022/0:1:15;21.05;53.00;1
16/12/2022/0:6:16;21.00;53.00;1
16/12/2022/0:12:17;20.95;53.00;1
16/12/2022/0:16:19;20.95;53.00;1
16/12/2022/0:21:20;20.85;53.50;1
16/12/2022/0:26:21;20.95;53.50;1
16/12/2022/0:31:22;21.00;53.00;1
16/12/2022/0:36:24;21.05;53.00;1
16/12/2022/0:41:25;20.90;53.50;1
16/12/2022/0:46:26;20.85;54.00;1
16/12/2022/0:51:27;20.90;54.00;1
16/12/2022/0:56:28;20.95;53.00;1
16/12/2022/1:1:30;20.95;53.50;1
16/12/2022/1:6:31;20.95;53.50;1
16/12/2022/1:12:32;20.90;54.00;1
16/12/2022/1:16:33;20.85;54.50;1
16/12/2022/1:21:35;20.90;54.00;1
16/12/2022/1:26:36;20.95;53.50;1
16/12/2022/1:31:37;20.95;53.50;1
16/12/2022/1:36:38;20.95;53.50;1
16/12/2022/1:41:39;20.90;53.50;1
16/12/2022/1:46:41;20.95;54.00;1
16/12/2022/1:51:42;20.95;53.50;1
16/12/2022/1:56:43;20.95;53.50;1
16/12/2022/2:1:44;20.95;53.50;1
16/12/2022/2:6:46;20.95;54.00;1
16/12/2022/2:12:47;20.95;53.50;1
16/12/2022/2:16:48;20.95;53.50;1
16/12/2022/2:21:49;20.95;53.50;1
16/12/2022/2:26:50;20.95;53.50;1
16/12/2022/2:31:52;20.95;53.50;1
16/12/2022/2:36:53;20.95;53.50;1
16/12/2022/2:41:54;20.95;54.00;1
16/12/2022/2:46:55;20.95;53.50;1
16/12/2022/2:51:57;20.95;53.50;1
16/12/2022/2:56:58;20.95;54.00;1
16/12/2022/3:1:59;20.95;53.50;1
16/12/2022/3:7:0;20.95;53.50;1
16/12/2022/3:12:2;20.95;54.00;1
16/12/2022/3:17:3;20.95;54.00;1
16/12/2022/3:22:4;20.85;54.50;1
16/12/2022/3:27:5;20.90;54.00;1
16/12/2022/3:32:6;20.90;54.00;1
16/12/2022/3:37:8;20.90;54.00;1
16/12/2022/3:42:9;20.95;54.00;1
16/12/2022/3:47:10;20.95;54.00;1
16/12/2022/3:52:12;20.95;54.00;1
16/12/2022/3:57:13;20.95;54.00;1
16/12/2022/4:2:14;20.95;54.00;1
16/12/2022/4:7:15;20.90;54.00;1
16/12/2022/4:12:16;20.90;54.00;1
16/12/2022/4:17:17;20.90;53.50;1
16/12/2022/4:22:19;20.90;54.00;1
16/12/2022/4:27:20;20.85;54.00;1
16/12/2022/4:32:21;20.90;54.00;1
16/12/2022/4:37:22;20.90;54.00;1
16/12/2022/4:42:24;20.90;54.00;1
16/12/2022/4:47:25;20.85;55.00;1
16/12/2022/4:52:26;20.85;55.00;1
16/12/2022/4:57:27;20.85;54.50;1
16/12/2022/5:2:28;20.85;55.00;1
16/12/2022/5:7:30;20.85;55.00;1
16/12/2022/5:12:31;20.85;55.00;1
16/12/2022/5:17:32;20.85;55.00;1
16/12/2022/5:22:33;20.85;55.00;1
16/12/2022/5:27:35;20.85;55.00;1
16/12/2022/5:32:36;20.85;55.00;1
16/12/2022/5:37:37;20.85;55.00;1
16/12/2022/5:42:38;20.85;55.00;1
16/12/2022/5:47:40;20.85;55.00;1
16/12/2022/5:52:41;20.85;55.00;1
16/12/2022/5:57:42;20.80;55.00;1
16/12/2022/6:2:43;20.80;55.00;1
16/12/2022/6:7:44;20.80;55.00;1
16/12/2022/6:12:46;20.80;55.00;1
16/12/2022/6:17:47;20.80;55.50;1
16/12/2022/6:22:48;20.80;55.00;1
16/12/2022/6:27:49;20.80;55.00;1
16/12/2022/6:32:51;20.80;55.00;1
16/12/2022/6:37:52;20.80;55.00;1
16/12/2022/6:42:53;20.25;55.50;1
16/12/2022/6:47:54;20.80;55.00;1
16/12/2022/6:52:55;20.80;54.50;1
16/12/2022/6:57:57;20.80;54.00;1
16/12/2022/7:2:58;20.80;55.00;1
16/12/2022/7:7:59;20.80;54.50;1
16/12/2022/7:13:0;20.80;54.50;1
16/12/2022/7:18:2;20.80;54.50;1
16/12/2022/7:23:3;20.80;55.00;1
16/12/2022/7:28:4;20.80;55.00;1
16/12/2022/7:33:5;20.80;55.00;1
16/12/2022/7:38:6;20.80;55.00;1
16/12/2022/7:43:8;20.85;55.00;1
16/12/2022/7:48:9;20.85;54.00;1
16/12/2022/7:53:10;20.90;54.00;1
16/12/2022/7:58:12;20.95;54.00;1
16/12/2022/8:3:13;20.95;53.50;1
16/12/2022/8:8:14;20.95;55.00;1
16/12/2022/8:13:15;20.90;55.00;1
16/12/2022/8:18:16;20.95;54.50;1
16/12/2022/8:23:18;20.95;54.50;1
16/12/2022/8:28:19;21.00;54.50;1
16/12/2022/8:33:20;21.00;55.00;1
16/12/2022/8:38:21;21.05;55.00;1
16/12/2022/8:43:22;21.10;54.50;1
16/12/2022/8:48:24;21.10;53.50;1
16/12/2022/8:53:25;21.15;53.50;1
16/12/2022/8:58:26;21.15;53.00;1
16/12/2022/9:3:27;21.20;53.00;1
16/12/2022/9:8:28;21.20;53.00;1
16/12/2022/9:13:30;21.20;52.50;1
16/12/2022/9:18:31;21.25;52.00;1
16/12/2022/9:23:32;21.75;52.00;1
16/12/2022/9:28:33;21.85;52.00;1
16/12/2022/9:33:35;21.90;52.00;1
16/12/2022/9:38:36;21.90;51.50;1
16/12/2022/9:43:37;21.95;52.00;1
16/12/2022/9:48:38;21.95;52.00;1
16/12/2022/9:53:40;22.00;52.00;1
16/12/2022/9:58:41;22.05;51.50;1
16/12/2022/10:3:42;22.05;52.00;1
16/12/2022/10:8:43;22.10;52.00;1
16/12/2022/10:13:44;22.05;52.00;1
16/12/2022/10:18:46;22.10;52.00;1
16/12/2022/10:23:47;22.10;52.50;1
16/12/2022/10:28:48;22.15;52.00;1
16/12/2022/10:33:49;22.20;52.00;1
16/12/2022/10:38:50;22.20;52.00;1
16/12/2022/10:43:52;22.20;52.00;1
16/12/2022/10:48:53;22.20;51.50;1
16/12/2022/10:53:54;22.20;52.00;1
16/12/2022/10:58:55;22.20;51.50;1
16/12/2022/12:3:57;22.20;52.00;1
16/12/2022/12:8:58;22.25;51.50;1
16/12/2022/12:13:59;22.80;51.50;1
16/12/2022/12:19:0;22.85;51.00;1
16/12/2022/12:24:1;22.85;51.00;1
16/12/2022/12:29:3;22.90;51.00;1
16/12/2022/12:34:4;22.90;51.00;1
16/12/2022/12:39:5;22.95;50.50;1
16/12/2022/12:44:6;23.00;50.50;1
16/12/2022/12:49:8;23.05;50.00;1
16/12/2022/12:54:9;23.20;49.50;1
16/12/2022/12:59:10;23.90;48.00;1
16/12/2022/12:4:12;24.00;48.00;1
16/12/2022/12:9:12;23.35;48.00;1
16/12/2022/12:14:14;23.30;48.50;1
16/12/2022/12:19:15;23.20;49.00;1
16/12/2022/12:24:16;23.20;49.00;1
16/12/2022/12:29:17;23.20;49.00;1
16/12/2022/12:34:19;23.25;49.00;1
16/12/2022/12:39:20;23.20;48.50;1
16/12/2022/12:44:21;23.20;49.00;1
16/12/2022/12:49:22;23.20;49.00;1
16/12/2022/12:54:23;23.20;49.00;1
16/12/2022/12:59:25;23.20;49.00;1
16/12/2022/13:4:26;23.30;48.50;1
16/12/2022/13:9:27;23.95;48.00;1
16/12/2022/13:14:28;23.95;47.50;1
16/12/2022/13:19:30;23.95;47.00;1
16/12/2022/13:24:31;23.95;46.50;1
16/12/2022/13:29:32;23.95;47.00;1
16/12/2022/13:34:33;24.00;46.50;1
16/12/2022/13:39:34;24.00;47.00;1
16/12/2022/13:44:36;24.05;47.00;1
16/12/2022/13:49:37;24.05;46.00;1
16/12/2022/13:54:38;24.05;46.50;1
16/12/2022/13:59:39;24.15;46.50;1
16/12/2022/14:4:41;24.20;46.00;1
16/12/2022/14:9:42;24.25;46.50;1
16/12/2022/14:14:43;24.20;45.50;1
16/12/2022/14:19:44;24.25;45.00;1
16/12/2022/14:24:46;24.30;44.50;1
16/12/2022/14:29:47;24.85;44.50;1
16/12/2022/14:34:48;24.85;44.00;1
16/12/2022/14:39:49;24.90;43.50;1
16/12/2022/14:44:50;24.90;43.00;1
16/12/2022/14:49:52;24.90;42.50;1
16/12/2022/14:54:53;24.90;43.00;1
16/12/2022/14:59:54;24.95;42.50;1
16/12/2022/15:4:55;24.95;42.50;1
16/12/2022/15:9:57;24.95;42.50;1
16/12/2022/15:14:58;24.95;42.00;1
16/12/2022/15:19:59;24.85;42.50;1
16/12/2022/15:25:0;24.85;43.00;1
16/12/2022/15:30:1;24.80;43.00;1
16/12/2022/15:35:3;24.30;44.00;1
16/12/2022/15:40:4;24.25;44.00;1
16/12/2022/15:45:5;24.20;44.00;1
16/12/2022/15:50:6;24.15;43.50;1
16/12/2022/15:55:8;24.10;44.00;1
16/12/2022/16:0:9;24.10;44.50;1
16/12/2022/16:5:10;24.15;45.00;1
16/12/2022/16:10:12;24.15;45.00;1
16/12/2022/16:15:12;24.15;44.50;1
16/12/2022/16:20:14;24.15;45.00;1
16/12/2022/16:25:15;24.15;44.50;1
16/12/2022/16:30:16;24.05;43.50;1
16/12/2022/16:35:17;24.00;43.50;1
16/12/2022/16:40:19;24.00;44.50;1
16/12/2022/16:45:20;24.00;44.50;1
16/12/2022/16:50:21;24.00;45.00;1
16/12/2022/16:55:22;23.95;46.00;1
16/12/2022/17:0:23;23.95;46.00;1
16/12/2022/17:5:25;23.95;45.50;1
16/12/2022/17:10:26;23.35;45.50;1
16/12/2022/17:15:27;23.35;46.00;1
16/12/2022/17:20:28;23.30;46.00;1
16/12/2022/17:25:30;23.30;46.00;1
16/12/2022/17:30:31;23.25;46.50;1
16/12/2022/17:35:32;23.20;47.00;1
16/12/2022/17:40:33;23.15;47.50;1
16/12/2022/17:45:35;23.15;47.50;1
16/12/2022/17:50:36;23.10;48.00;1
16/12/2022/17:55:37;23.05;48.50;1
16/12/2022/18:0:38;23.00;48.50;1
16/12/2022/18:5:39;23.00;48.50;1
16/12/2022/18:10:41;22.95;48.50;1
16/12/2022/18:15:42;22.90;48.50;1
16/12/2022/18:20:43;22.90;48.50;1
16/12/2022/18:25:44;22.90;49.00;1
16/12/2022/18:30:45;22.85;48.50;1
16/12/2022/18:35:47;22.80;49.00;1
16/12/2022/18:40:48;22.80;48.50;1
16/12/2022/18:45:49;22.25;49.50;1
16/12/2022/18:50:50;22.25;49.50;1
16/12/2022/18:55:52;22.25;49.50;1
16/12/2022/19:0:53;22.20;49.50;1
16/12/2022/19:5:54;22.20;49.50;1
16/12/2022/19:10:55;22.20;49.50;1
16/12/2022/19:15:56;22.20;49.50;1
16/12/2022/19:20:58;22.15;50.00;1
16/12/2022/19:25:59;22.15;50.00;1
16/12/2022/19:31:0;22.15;49.50;1
16/12/2022/19:36:1;22.20;49.50;1
16/12/2022/19:41:2;22.20;49.50;1
16/12/2022/19:46:4;22.20;49.50;1
16/12/2022/19:51:5;22.15;49.50;1
16/12/2022/19:56:6;22.10;49.50;1
16/12/2022/20:1:7;22.10;49.50;1
16/12/2022/20:6:8;22.10;49.50;1
16/12/2022/20:12:10;22.10;49.50;1
16/12/2022/20:16:12;22.05;49.50;1
16/12/2022/20:21:12;22.10;49.50;1
16/12/2022/20:26:13;22.05;49.50;1
16/12/2022/20:31:15;21.95;50.00;1
16/12/2022/20:36:16;21.95;50.00;1
16/12/2022/20:41:17;22.00;50.00;1
16/12/2022/20:46:18;22.00;50.00;1
16/12/2022/20:51:19;21.95;50.00;1
16/12/2022/20:56:21;22.00;50.00;1
16/12/2022/21:1:22;21.95;50.00;1
16/12/2022/21:6:23;21.90;51.00;1
16/12/2022/21:12:24;21.90;51.00;1
16/12/2022/21:16:25;21.90;50.50;1
16/12/2022/21:21:27;21.95;51.00;1
16/12/2022/21:26:28;21.95;51.00;1
16/12/2022/21:31:29;21.95;50.00;1
16/12/2022/21:36:30;21.95;50.00;1
16/12/2022/21:41:32;21.95;50.00;1
16/12/2022/21:46:33;21.95;50.00;1
16/12/2022/21:51:34;21.85;50.50;1
16/12/2022/21:56:35;21.85;50.50;1
16/12/2022/22:1:36;21.80;51.50;1
16/12/2022/22:6:38;21.80;51.00;1
16/12/2022/22:12:39;21.30;50.50;1
16/12/2022/22:16:40;21.85;51.00;1
16/12/2022/22:21:41;21.90;50.50;1
16/12/2022/22:26:43;21.80;51.50;1
16/12/2022/22:31:44;21.25;51.50;1
16/12/2022/22:36:45;21.20;51.50;1
16/12/2022/22:41:46;21.25;50.50;1
16/12/2022/22:46:47;21.85;50.50;1
16/12/2022/22:51:49;21.90;50.50;1
16/12/2022/22:56:50;21.85;51.00;1
16/12/2022/23:1:51;21.90;51.00;1
16/12/2022/23:6:52;21.90;51.00;1
16/12/2022/23:12:54;21.90;51.00;1
16/12/2022/23:16:55;21.90;51.50;1
16/12/2022/23:21:56;21.90;51.50;1
16/12/2022/23:26:57;21.35;52.00;1
16/12/2022/23:31:58;21.25;52.00;1
16/12/2022/23:37:0;21.85;52.00;1
16/12/2022/23:42:1;21.85;52.00;1
16/12/2022/23:47:2;21.25;52.50;1
16/12/2022/23:52:3;21.25;52.50;1
16/12/2022/23:57:5;21.80;52.00;1
17/12/2022/0:2:6;21.80;52.00;1
17/12/2022/0:7:7;21.85;52.00;1
17/12/2022/0:12:8;21.25;52.00;1
17/12/2022/0:17:10;21.80;52.00;1
17/12/2022/0:22:12;21.35;52.00;1
17/12/2022/0:27:12;21.20;52.50;1
17/12/2022/0:32:13;21.20;52.50;1
17/12/2022/0:37:14;21.15;52.50;1
17/12/2022/0:42:16;21.25;52.50;1
17/12/2022/0:47:17;21.20;52.50;1
17/12/2022/0:52:18;21.20;52.50;1
17/12/2022/0:57:19;21.15;53.00;1
17/12/2022/1:2:21;21.10;52.50;1
17/12/2022/1:7:22;21.15;52.50;1
17/12/2022/1:12:23;21.20;52.00;1
17/12/2022/1:17:24;21.10;52.50;1
17/12/2022/1:22:25;21.15;52.50;1
17/12/2022/1:27:27;21.05;52.50;1
17/12/2022/1:32:28;20.95;53.00;1
17/12/2022/1:37:29;20.90;53.00;1
17/12/2022/1:42:30;20.95;52.50;1
17/12/2022/1:47:32;20.90;52.50;1
17/12/2022/1:52:33;20.90;52.50;1
17/12/2022/1:57:34;21.05;52.50;1
17/12/2022/2:2:35;21.05;52.00;1
17/12/2022/2:7:36;21.10;52.00;1
17/12/2022/2:12:38;21.10;52.00;1
17/12/2022/2:17:39;21.10;52.00;1
17/12/2022/2:22:40;21.10;52.00;1
17/12/2022/2:27:41;21.10;52.50;1
17/12/2022/2:32:43;21.10;53.00;1
17/12/2022/2:37:44;21.10;52.50;1
17/12/2022/2:42:45;21.10;52.50;1
17/12/2022/2:47:46;21.10;53.00;1
17/12/2022/2:52:48;21.10;53.00;1
17/12/2022/2:57:49;21.00;53.00;1
17/12/2022/3:2:50;20.95;53.50;1
17/12/2022/3:7:51;20.85;54.00;1
17/12/2022/3:12:52;20.95;53.50;1
17/12/2022/3:17:54;21.05;53.00;1
17/12/2022/3:22:55;20.95;53.00;1
17/12/2022/3:27:56;20.95;53.50;1
17/12/2022/3:32:57;21.00;53.50;1
17/12/2022/3:37:59;20.95;53.00;1
17/12/2022/3:43:0;21.00;53.00;1
17/12/2022/3:48:1;21.00;53.00;1
17/12/2022/3:53:2;21.05;53.50;1
17/12/2022/3:58:3;21.00;53.00;1
17/12/2022/4:3:5;21.05;53.00;1
17/12/2022/4:8:6;21.00;53.50;1
17/12/2022/4:13:7;20.95;53.50;1
17/12/2022/4:18:8;20.90;54.00;1
17/12/2022/4:23:10;20.95;53.50;1
17/12/2022/4:28:12;21.00;53.50;1
17/12/2022/4:33:12;20.95;53.50;1
17/12/2022/4:38:13;20.90;54.00;1
17/12/2022/4:43:14;20.95;54.00;1
17/12/2022/4:48:16;20.95;53.50;1
17/12/2022/4:53:17;20.95;54.00;1
17/12/2022/4:58:18;20.95;54.00;1
17/12/2022/5:3:19;20.95;53.50;1
17/12/2022/5:8:21;20.95;54.00;1
17/12/2022/5:13:22;20.90;54.00;1
17/12/2022/5:18:23;20.95;54.00;1
17/12/2022/5:23:24;20.95;54.00;1
17/12/2022/5:28:25;20.90;54.00;1
17/12/2022/5:33:27;20.95;54.00;1
17/12/2022/5:38:28;20.95;54.00;1
17/12/2022/5:43:29;20.80;54.50;1
17/12/2022/5:48:30;20.90;54.00;1
17/12/2022/5:53:32;20.85;54.00;1
17/12/2022/5:58:33;20.85;54.00;1
17/12/2022/6:3:34;20.85;54.00;1
17/12/2022/6:8:35;20.85;54.00;1
17/12/2022/6:13:37;20.90;54.00;1
17/12/2022/6:18:38;20.90;54.00;1
17/12/2022/6:23:39;20.90;54.00;1
17/12/2022/6:28:40;20.90;54.50;1
17/12/2022/6:33:41;20.85;54.50;1
17/12/2022/6:38:43;20.85;55.00;1
17/12/2022/6:43:44;20.90;55.00;1
17/12/2022/6:48:45;20.90;55.00;1
17/12/2022/6:53:46;20.90;55.00;1
17/12/2022/6:58:48;20.90;55.00;1
17/12/2022/7:3:49;20.90;55.00;1
17/12/2022/7:8:50;20.90;55.00;1
17/12/2022/7:13:51;20.90;55.00;1
17/12/2022/7:18:52;20.90;55.00;1
17/12/2022/7:23:54;20.90;55.00;1
17/12/2022/7:28:55;20.90;55.00;1
17/12/2022/7:33:56;20.90;55.00;1
17/12/2022/7:38:57;20.90;55.00;1
17/12/2022/7:43:58;20.85;55.50;1
17/12/2022/7:49:0;20.90;55.50;1
17/12/2022/7:54:1;20.95;55.00;1
17/12/2022/7:59:2;20.95;55.50;1
17/12/2022/8:4:3;20.95;55.00;1
17/12/2022/8:9:5;20.95;55.50;1
17/12/2022/8:14:6;20.95;57.00;1
17/12/2022/8:19:7;20.95;57.00;1
17/12/2022/8:24:8;20.95;57.00;1
17/12/2022/8:29:10;20.95;57.00;1
17/12/2022/8:34:12;20.95;57.00;1
17/12/2022/8:39:12;20.95;56.50;1
17/12/2022/8:44:13;20.95;56.50;1
17/12/2022/8:49:14;20.95;56.50;1
17/12/2022/8:54:16;20.95;56.50;1
17/12/2022/8:59:17;20.95;56.50;1
17/12/2022/9:4:18;21.00;56.50;1
17/12/2022/9:9:19;21.00;56.00;1
17/12/2022/9:14:21;21.05;56.00;1
17/12/2022/9:19:22;21.10;56.00;1
17/12/2022/9:58:53;21.75;53.50;1
17/12/2022/10:3:55;21.90;53.00;1
17/12/2022/10:8:56;21.95;53.00;1
   Y        57;22.00;52.50;1
17/12/2022/10:18:58;22.15;52.00;1
17/12/2022/10:24:0;22.25;51.50;1
17/12/2022/10:29:1;22.85;50.50;1
17/12/2022/10:34:2;22.90;50.00;1
17/12/2022/10:39:3;22.95;49.00;1
17/12/2022/10:44:4;23.00;48.00;1
17/12/2022/10:49:6;23.10;48.00;1
17/12/2022/10:54:7;23.25;47.50;1
17/12/2022/10:59:8;23.35;47.00;1
17/12/2022/12:4:9;23.30;47.50;1
17/12/2022/12:9:12;23.30;47.50;1
17/12/2022/12:14:12;23.20;48.00;1
17/12/2022/12:19:13;23.20;48.50;1
17/12/2022/12:24:14;23.30;48.50;1
17/12/2022/12:29:15;23.35;48.50;1
17/12/2022/12:34:17;23.45;48.00;1
17/12/2022/12:39:18;23.95;48.00;1
17/12/2022/12:44:19;23.95;47.00;1
17/12/2022/12:49:20;23.95;48.00;1
17/12/2022/12:54:22;23.95;47.50;1
17/12/2022/12:59:23;24.00;47.50;1
17/12/2022/12:4:24;24.10;47.50;1
17/12/2022/12:9:25;24.20;47.00;1
17/12/2022/12:14:26;24.15;47.00;1
17/12/2022/12:19:28;24.10;47.00;1
17/12/2022/12:24:29;24.10;47.50;1
17/12/2022/12:29:30;24.05;47.50;1
17/12/2022/12:34:31;24.00;48.00;1
17/12/2022/12:39:33;23.95;47.50;1
17/12/2022/12:44:34;23.95;47.50;1
17/12/2022/12:49:35;23.95;47.50;1
17/12/2022/12:54:36;23.95;47.50;1
17/12/2022/12:59:37;23.95;47.50;1
17/12/2022/13:4:39;24.00;48.00;1
17/12/2022/13:9:40;24.05;48.00;1
17/12/2022/13:14:41;24.05;48.00;1
17/12/2022/13:19:42;24.15;47.50;1
17/12/2022/13:24:44;24.20;47.50;1
17/12/2022/13:29:45;24.20;47.00;1
17/12/2022/13:34:46;24.25;47.00;1
17/12/2022/13:39:47;24.80;46.50;1
17/12/2022/13:44:49;24.80;46.00;1
17/12/2022/13:49:50;24.85;45.50;1
17/12/2022/13:54:51;24.95;45.50;1
17/12/2022/13:59:52;25.00;45.50;1
17/12/2022/14:4:53;25.05;45.50;1
17/12/2022/14:9:55;25.10;45.00;1
17/12/2022/14:14:56;25.00;45.00;1
17/12/2022/14:19:57;25.00;45.00;1
17/12/2022/14:24:58;25.05;45.00;1
17/12/2022/14:30:0;25.05;45.00;1
17/12/2022/14:35:1;25.05;45.00;1
17/12/2022/14:40:2;25.05;44.50;1
17/12/2022/14:45:3;25.05;44.00;1
17/12/2022/14:50:4;25.00;43.50;1
17/12/2022/14:55:6;25.05;43.50;1
17/12/2022/15:0:7;25.05;43.50;1
17/12/2022/15:5:8;25.05;43.50;1
17/12/2022/15:10:9;25.05;43.50;1
17/12/2022/15:15:12;25.10;43.50;1
17/12/2022/15:20:12;25.15;44.00;1
17/12/2022/15:25:13;25.20;44.00;1
17/12/2022/15:30:14;25.20;44.00;1
17/12/2022/15:35:16;25.15;44.00;1
17/12/2022/15:40:17;25.15;44.00;1
17/12/2022/15:45:18;25.15;44.50;1
17/12/2022/15:50:19;25.15;44.00;1
17/12/2022/15:55:20;25.15;43.50;1
17/12/2022/16:0:22;25.15;44.00;1
17/12/2022/16:5:23;25.20;44.00;1
17/12/2022/16:10:24;25.20;44.00;1
17/12/2022/16:15:25;25.20;42.50;1
17/12/2022/16:20:27;25.20;43.00;1
17/12/2022/16:25:28;25.20;43.00;1
17/12/2022/16:30:29;25.20;43.50;1
17/12/2022/16:35:30;25.10;44.00;1
17/12/2022/16:40:32;25.05;44.00;1
17/12/2022/16:45:33;25.00;44.00;1
17/12/2022/16:50:34;24.95;43.50;1
17/12/2022/16:55:35;24.95;44.00;1
17/12/2022/17:0:36;24.95;43.50;1
17/12/2022/17:5:38;24.95;44.00;1
17/12/2022/17:10:39;24.95;44.00;1
17/12/2022/17:15:40;24.40;45.00;1
17/12/2022/17:20:41;24.35;45.00;1
17/12/2022/17:25:43;24.85;44.50;1
17/12/2022/17:30:44;24.30;45.50;1
17/12/2022/17:35:45;24.15;45.50;1
17/12/2022/17:40:46;24.10;46.00;1
17/12/2022/17:45:47;24.00;46.50;1
17/12/2022/17:50:49;24.00;46.50;1
17/12/2022/17:55:50;23.95;46.00;1
17/12/2022/18:0:51;23.95;46.50;1
17/12/2022/18:5:52;23.40;46.50;1
17/12/2022/18:10:54;23.35;46.50;1
17/12/2022/18:15:55;23.40;46.50;1
17/12/2022/18:20:56;23.35;47.00;1
17/12/2022/18:25:57;23.30;47.00;1
17/12/2022/18:30:59;23.30;47.50;1
17/12/2022/18:36:0;23.25;47.50;1
17/12/2022/18:41:1;23.25;47.50;1
17/12/2022/18:46:2;23.20;48.00;1
17/12/2022/18:51:3;23.20;48.00;1
17/12/2022/18:56:5;23.20;48.00;1
17/12/2022/19:1:6;23.15;48.50;1
17/12/2022/19:6:7;23.15;48.50;1
17/12/2022/19:12:8;23.15;48.00;1
17/12/2022/19:16:10;23.10;48.50;1
17/12/2022/19:21:12;23.10;48.50;1
17/12/2022/19:26:12;23.05;49.00;1
17/12/2022/19:31:13;23.00;49.00;1
17/12/2022/19:36:14;23.00;49.00;1
17/12/2022/19:41:16;22.95;49.00;1
17/12/2022/19:46:17;22.95;49.00;1
17/12/2022/19:51:18;22.95;48.50;1
17/12/2022/19:56:19;22.90;48.50;1
17/12/2022/20:1:20;22.95;48.00;1
17/12/2022/20:6:22;22.95;48.50;1
17/12/2022/20:12:23;22.95;48.00;1
17/12/2022/20:16:24;22.90;48.50;1
17/12/2022/20:21:25;22.90;48.50;1
17/12/2022/20:26:26;22.90;48.50;1
17/12/2022/20:31:28;22.90;48.50;1
17/12/2022/20:36:29;22.85;48.50;1
17/12/2022/20:41:30;22.85;48.50;1
17/12/2022/20:46:31;22.80;48.50;1
17/12/2022/20:51:33;22.85;48.50;1
17/12/2022/20:56:34;22.85;48.50;1
17/12/2022/21:1:35;22.30;49.00;1
17/12/2022/21:6:36;22.30;49.50;1
17/12/2022/21:12:37;22.25;49.50;1
17/12/2022/21:16:39;22.20;49.50;1
17/12/2022/21:21:40;22.20;49.50;1
17/12/2022/21:26:41;22.20;49.50;1
17/12/2022/21:31:42;22.20;49.50;1
17/12/2022/21:36:43;22.20;49.00;1
17/12/2022/21:41:45;22.20;49.50;1
17/12/2022/21:46:46;22.15;49.50;1
17/12/2022/21:51:47;22.15;49.50;1
17/12/2022/21:56:48;22.05;49.50;1
17/12/2022/22:1:50;22.05;49.50;1
17/12/2022/22:6:51;22.10;49.50;1
17/12/2022/22:12:52;22.05;49.50;1
17/12/2022/22:16:53;22.00;49.50;1
17/12/2022/22:21:54;22.05;49.50;1
17/12/2022/22:26:56;22.00;49.50;1
17/12/2022/22:31:57;22.05;49.50;1
17/12/2022/22:36:58;22.05;49.50;1
17/12/2022/22:41:59;22.05;49.50;1
17/12/2022/22:47:0;22.00;49.50;1
17/12/2022/22:52:2;22.10;49.50;1
17/12/2022/22:57:3;22.05;49.50;1
17/12/2022/23:2:4;22.00;50.00;1
17/12/2022/23:7:5;22.00;50.00;1
17/12/2022/23:12:6;22.10;49.50;1
17/12/2022/23:17:8;22.00;50.00;1
17/12/2022/23:22:9;22.00;50.00;1
17/12/2022/23:27:10;22.05;50.00;1
17/12/2022/23:32:12;22.10;50.00;1
17/12/2022/23:37:12;22.00;50.00;1
17/12/2022/23:42:14;22.00;50.50;1
17/12/2022/23:47:15;22.00;50.50;1
17/12/2022/23:52:16;22.05;50.00;1
17/12/2022/23:57:17;22.05;50.50;1
18/12/2022/0:2:18;22.05;50.00;1
18/12/2022/0:7:20;21.95;51.00;1
18/12/2022/0:12:21;21.95;51.50;1
18/12/2022/0:17:22;21.95;51.50;1
18/12/2022/0:22:23;22.05;51.00;1
18/12/2022/0:27:25;21.95;51.50;1
18/12/2022/0:32:26;21.95;51.50;1
18/12/2022/0:37:27;22.00;51.00;1
18/12/2022/0:42:28;22.00;51.00;1
18/12/2022/0:47:29;22.00;51.00;1
18/12/2022/0:52:31;21.95;51.50;1
18/12/2022/0:57:32;21.95;52.00;1
18/12/2022/1:2:33;21.90;52.00;1
18/12/2022/1:7:34;21.95;52.00;1
18/12/2022/1:12:36;21.95;52.50;1
18/12/2022/1:17:37;21.95;52.00;1
18/12/2022/1:22:38;21.95;52.00;1
18/12/2022/1:27:39;21.95;52.50;1
18/12/2022/1:32:40;21.95;52.00;1
18/12/2022/1:37:42;21.95;52.00;1
18/12/2022/1:42:43;21.90;52.50;1
18/12/2022/1:47:44;21.95;52.50;1
18/12/2022/1:52:45;21.95;52.00;1
18/12/2022/1:57:47;21.95;52.50;1
18/12/2022/2:2:48;21.85;52.50;1
18/12/2022/2:7:49;21.80;53.00;1
18/12/2022/2:12:50;21.90;52.50;1
18/12/2022/2:17:52;21.85;53.00;1
18/12/2022/2:22:53;21.85;53.00;1
18/12/2022/2:27:54;21.90;53.00;1
18/12/2022/2:32:55;21.90;52.50;1
18/12/2022/2:37:56;21.85;53.00;1
18/12/2022/2:42:58;21.25;53.50;1
18/12/2022/2:47:59;21.25;53.50;1
18/12/2022/2:53:0;21.25;53.50;1
18/12/2022/2:58:1;21.20;53.50;1
18/12/2022/3:3:3;21.20;53.50;1
18/12/2022/3:8:4;21.20;53.50;1
18/12/2022/3:13:5;21.25;53.50;1
18/12/2022/3:18:6;21.80;53.00;1
18/12/2022/3:23:7;21.80;53.00;1
18/12/2022/3:28:9;21.80;53.50;1
18/12/2022/3:33:10;21.25;53.50;1
18/12/2022/3:38:12;21.80;53.00;1
18/12/2022/3:43:12;21.75;53.50;1
18/12/2022/3:48:14;21.80;53.50;1
18/12/2022/3:53:15;21.80;53.50;1
18/12/2022/3:58:16;21.85;53.00;1
18/12/2022/4:3:17;21.25;53.50;1
18/12/2022/4:8:19;21.20;53.50;1
18/12/2022/4:13:20;21.25;53.50;1
18/12/2022/4:18:21;21.25;53.50;1
18/12/2022/4:23:22;21.25;53.00;1
18/12/2022/4:28:23;21.25;53.00;1
18/12/2022/4:33:25;21.20;53.50;1
18/12/2022/4:38:26;21.25;53.50;1
18/12/2022/4:43:27;21.20;53.50;1
18/12/2022/4:48:28;21.25;53.00;1
18/12/2022/4:53:30;21.25;53.50;1
18/12/2022/4:58:31;21.20;53.50;1
18/12/2022/5:3:32;21.15;53.50;1
18/12/2022/5:8:33;21.20;53.00;1
18/12/2022/5:13:34;21.20;53.00;1
18/12/2022/5:18:36;21.15;53.00;1
18/12/2022/5:23:37;21.15;52.50;1
18/12/2022/5:28:38;21.10;52.50;1
18/12/2022/5:33:39;21.10;52.50;1
18/12/2022/5:38:41;21.10;52.50;1
18/12/2022/5:43:42;21.10;52.00;1
18/12/2022/5:48:43;21.10;52.00;1
18/12/2022/5:53:44;21.10;52.00;1
18/12/2022/5:58:45;21.10;52.00;1
18/12/2022/6:3:47;21.10;51.50;1
18/12/2022/6:8:48;21.05;51.50;1
18/12/2022/6:13:49;21.05;51.50;1
18/12/2022/6:18:50;21.05;51.50;1
18/12/2022/6:23:52;21.05;51.50;1
18/12/2022/6:28:53;21.05;51.00;1
18/12/2022/6:33:54;21.05;51.00;1
18/12/2022/6:38:55;21.05;51.50;1
18/12/2022/6:43:56;21.05;51.50;1
18/12/2022/6:48:58;21.05;51.00;1
18/12/2022/6:53:59;21.00;51.00;1
18/12/2022/6:59:0;21.05;51.00;1
18/12/2022/7:4:1;21.05;51.00;1
18/12/2022/7:9:2;21.05;50.50;1
18/12/2022/7:14:4;21.05;50.50;1
18/12/2022/7:19:5;21.05;50.50;1
18/12/2022/7:24:6;21.05;51.00;1
18/12/2022/7:29:7;21.05;51.00;1
18/12/2022/7:34:9;21.05;50.50;1
18/12/2022/7:39:10;21.05;50.50;1
18/12/2022/7:44:12;21.10;51.00;1
18/12/2022/7:49:12;21.10;52.00;1
18/12/2022/7:54:13;21.10;52.00;1
18/12/2022/7:59:15;21.10;52.50;1
18/12/2022/8:4:16;21.10;52.50;1
18/12/2022/8:9:17;21.10;52.00;1
18/12/2022/8:14:18;21.15;52.00;1
18/12/2022/8:19:20;21.15;52.50;1
18/12/2022/8:24:21;21.15;51.50;1
18/12/2022/8:29:22;21.15;51.50;1
18/12/2022/8:34:23;21.20;51.50;1
18/12/2022/8:39:24;21.25;52.00;1
18/12/2022/8:44:26;21.85;51.50;1
18/12/2022/8:49:27;21.95;51.50;1
18/12/2022/8:54:28;21.95;50.00;1
18/12/2022/8:59:29;21.95;51.00;1
18/12/2022/9:4:31;21.95;51.00;1
18/12/2022/9:9:32;22.00;51.00;1
18/12/2022/9:14:33;22.00;51.00;1
18/12/2022/9:19:34;22.05;51.00;1
18/12/2022/9:24:35;22.10;50.00;1
18/12/2022/9:29:37;22.15;50.00;1
18/12/2022/9:34:38;22.20;50.00;1
18/12/2022/9:39:39;22.25;50.00;1
18/12/2022/9:44:40;22.80;50.00;1
18/12/2022/9:49:42;22.90;50.00;1
18/12/2022/9:54:43;22.85;49.00;1
18/12/2022/9:59:44;22.80;49.00;1
18/12/2022/10:4:45;22.25;49.50;1
18/12/2022/10:9:46;22.25;49.50;1
18/12/2022/10:14:48;22.85;49.00;1
18/12/2022/10:19:49;22.90;49.50;1
18/12/2022/10:24:50;22.75;49.50;1
18/12/2022/10:29:51;24.65;47.50;1
18/12/2022/10:34:52;24.20;46.00;1
18/12/2022/10:39:54;23.05;48.00;1
18/12/2022/10:44:55;22.95;48.50;1
18/12/2022/10:49:56;22.90;49.00;1
18/12/2022/10:54:57;22.95;49.00;1
18/12/2022/10:59:59;22.95;49.00;1
18/12/2022/12:5:0;23.00;48.50;1
18/12/2022/12:10:1;23.15;48.50;1
18/12/2022/12:15:2;23.30;48.00;1
18/12/2022/12:20:3;23.35;47.50;1
18/12/2022/12:25:5;23.30;47.00;1
18/12/2022/12:30:6;23.30;47.50;1
18/12/2022/12:35:7;23.35;47.00;1
18/12/2022/12:40:8;23.90;47.00;1
18/12/2022/12:45:10;23.95;47.00;1
18/12/2022/12:50:12;24.05;47.50;1
18/12/2022/12:55:12;24.10;46.50;1
18/12/2022/12:0:13;24.15;46.50;1
18/12/2022/12:5:14;25.65;46.00;1
18/12/2022/12:10:16;24.80;45.50;1
18/12/2022/12:15:17;24.15;46.50;1
18/12/2022/12:20:18;24.00;47.50;1
18/12/2022/12:25:19;24.00;47.00;1
18/12/2022/12:30:21;24.10;47.00;1
18/12/2022/12:35:22;24.15;46.50;1
18/12/2022/12:40:23;24.15;46.50;1
18/12/2022/12:45:24;24.10;46.50;1
18/12/2022/12:50:25;24.20;46.50;1
18/12/2022/12:55:27;24.20;46.00;1
18/12/2022/13:0:28;24.25;46.00;1
18/12/2022/13:5:29;24.25;46.00;1
18/12/2022/13:10:30;24.80;45.50;1
18/12/2022/13:15:32;24.85;45.50;1
18/12/2022/13:20:33;24.85;45.00;1
18/12/2022/13:25:34;24.85;44.50;1
18/12/2022/13:30:35;24.85;44.50;1
18/12/2022/13:35:37;25.05;44.50;1
18/12/2022/13:40:38;25.30;46.50;1
18/12/2022/13:45:39;25.95;43.50;1
18/12/2022/13:50:40;25.30;43.00;1
18/12/2022/13:55:41;25.90;45.50;1
18/12/2022/14:0:43;25.85;44.00;1
18/12/2022/14:5:44;25.30;45.00;1
18/12/2022/14:10:45;26.05;43.00;1
18/12/2022/14:15:46;25.35;42.00;1
18/12/2022/14:20:48;25.30;42.00;1
18/12/2022/14:25:49;25.35;41.00;1
18/12/2022/14:30:50;25.35;41.00;1
18/12/2022/14:35:51;25.35;40.50;1
18/12/2022/14:40:52;25.35;40.00;1
18/12/2022/14:45:54;25.30;39.50;1
18/12/2022/14:50:55;25.35;39.50;1
18/12/2022/14:55:56;25.35;39.50;1
18/12/2022/15:0:57;25.35;39.00;1
18/12/2022/15:5:59;25.35;38.00;1
18/12/2022/15:12:0;25.95;38.00;1
18/12/2022/15:16:1;25.45;38.50;1
18/12/2022/15:21:2;25.95;37.50;1
18/12/2022/15:26:4;25.35;37.50;1
18/12/2022/15:31:5;25.35;38.00;1
18/12/2022/15:36:6;25.25;40.00;1
18/12/2022/15:41:7;25.25;39.00;1
18/12/2022/15:46:9;25.25;39.50;1
18/12/2022/15:51:10;25.25;39.50;1
18/12/2022/15:56:12;25.25;39.00;1
18/12/2022/16:1:12;25.25;38.50;1
18/12/2022/16:6:14;25.25;39.50;1
18/12/2022/16:12:15;25.25;39.50;1
18/12/2022/16:16:16;25.25;40.00;1
18/12/2022/16:21:17;25.20;40.00;1
18/12/2022/16:26:19;25.20;39.50;1
18/12/2022/16:31:20;25.20;39.50;1
18/12/2022/16:36:21;25.15;39.50;1
18/12/2022/16:41:22;25.20;39.50;1
18/12/2022/16:46:23;25.10;39.50;1
18/12/2022/16:51:25;25.05;39.50;1
18/12/2022/16:56:26;25.00;40.00;1
18/12/2022/17:1:27;25.00;39.50;1
18/12/2022/17:6:28;25.05;39.50;1
18/12/2022/17:12:30;25.00;40.00;1
18/12/2022/17:16:31;24.95;40.00;1
18/12/2022/18:16:14;24.05;43.50;1
18/12/2022/18:21:15;24.10;43.50;1
18/12/2022/18:26:16;24.05;43.50;1
18/12/2022/18:34:45;24.00;43.00;1
18/12/2022/18:40:21;23.95;42.50;1
18/12/2022/18:45:22;23.90;43.00;1
18/12/2022/18:50:23;23.85;43.00;1
18/12/2022/18:55:25;23.85;43.50;1
18/12/2022/19:0:26;23.30;43.50;1
18/12/2022/19:5:27;23.30;43.50;1
18/12/2022/19:10:28;23.25;43.50;1
18/12/2022/19:15:29;23.25;43.50;1
18/12/2022/19:20:31;23.25;44.00;1
18/12/2022/19:25:32;23.20;44.00;1
18/12/2022/19:30:33;23.20;44.00;1
18/12/2022/19:35:34;23.15;44.00;1
18/12/2022/19:40:35;23.15;44.00;1
18/12/2022/19:45:37;23.10;44.00;1
18/12/2022/19:50:38;23.10;44.50;1
18/12/2022/19:55:39;23.05;44.50;1
18/12/2022/20:0:40;23.05;44.50;1
18/12/2022/20:5:42;23.00;45.00;1
18/12/2022/20:10:43;23.00;45.00;1
18/12/2022/20:15:44;23.00;45.00;1
18/12/2022/20:20:45;22.95;45.00;1
18/12/2022/20:25:46;22.95;45.50;1
18/12/2022/20:30:48;22.95;45.50;1
18/12/2022/20:35:49;22.95;45.50;1
18/12/2022/20:40:50;22.95;45.50;1
18/12/2022/20:45:51;22.95;46.00;1
18/12/2022/20:50:52;22.90;46.00;1
18/12/2022/20:55:54;22.90;46.00;1
18/12/2022/21:0:55;22.90;46.00;1
18/12/2022/21:5:56;22.85;46.00;1
18/12/2022/21:10:57;22.85;46.00;1
18/12/2022/21:15:59;22.85;46.00;1
18/12/2022/21:21:0;22.85;46.50;1
18/12/2022/21:26:1;22.80;46.50;1
18/12/2022/21:31:2;22.25;47.00;1
18/12/2022/21:36:3;22.25;47.50;1
18/12/2022/21:41:5;22.20;47.50;1
18/12/2022/21:46:6;22.25;47.50;1
18/12/2022/21:51:7;22.25;47.50;1
18/12/2022/21:56:8;22.25;47.50;1
18/12/2022/22:1:9;22.20;47.50;1
18/12/2022/22:6:12;22.20;47.50;1
18/12/2022/22:12:12;22.20;47.50;1
18/12/2022/22:16:13;22.20;47.50;1
18/12/2022/22:21:14;22.15;48.00;1
18/12/2022/22:26:16;22.15;48.00;1
18/12/2022/22:31:17;22.20;48.00;1
18/12/2022/22:36:18;22.15;48.00;1
18/12/2022/22:41:19;22.15;48.00;1
18/12/2022/22:46:20;22.15;47.50;1
18/12/2022/22:51:22;22.15;47.50;1
18/12/2022/22:56:23;22.15;47.50;1
18/12/2022/23:1:24;22.15;47.50;1
18/12/2022/23:6:25;22.15;47.50;1
18/12/2022/23:12:26;22.15;47.50;1
18/12/2022/23:16:28;22.15;47.50;1
18/12/2022/23:21:29;22.15;47.50;1
18/12/2022/23:26:30;22.10;47.50;1
18/12/2022/23:31:31;22.05;48.00;1
18/12/2022/23:36:32;22.05;48.00;1
18/12/2022/23:41:34;22.05;48.00;1
18/12/2022/23:46:35;22.05;48.00;1
18/12/2022/23:51:36;22.05;48.50;1
18/12/2022/23:56:37;22.05;48.50;1
19/12/2022/0:1:39;22.05;48.50;1
19/12/2022/0:6:40;22.05;48.50;1
19/12/2022/0:12:41;21.95;49.00;1
19/12/2022/0:16:42;21.95;49.00;1
19/12/2022/0:21:43;22.00;49.00;1
19/12/2022/0:26:45;21.95;49.50;1
19/12/2022/0:31:46;21.95;49.00;1
19/12/2022/0:36:47;22.00;49.00;1
19/12/2022/0:41:48;22.00;49.00;1
19/12/2022/0:46:49;22.00;49.50;1
19/12/2022/0:51:51;21.95;49.50;1
19/12/2022/0:56:52;21.95;49.50;1
19/12/2022/1:1:53;21.95;49.50;1
19/12/2022/1:6:54;21.95;49.50;1
19/12/2022/1:12:55;21.95;49.50;1
19/12/2022/1:16:57;21.95;49.50;1
19/12/2022/1:21:58;21.95;49.50;1
19/12/2022/1:26:59;21.95;49.50;1
19/12/2022/1:32:0;21.95;49.50;1
19/12/2022/1:37:1;21.90;50.00;1
19/12/2022/1:42:3;21.85;50.00;1
19/12/2022/1:47:4;21.85;50.00;1
19/12/2022/1:52:5;21.85;50.00;1
19/12/2022/1:57:6;21.25;50.50;1
19/12/2022/2:2:8;21.25;51.00;1
19/12/2022/2:7:9;21.80;50.50;1
19/12/2022/2:12:10;21.80;50.50;1
19/12/2022/2:17:12;21.20;51.00;1
19/12/2022/2:22:12;21.75;51.50;1
19/12/2022/2:27:14;21.20;52.00;1
19/12/2022/2:32:15;21.25;51.50;1
19/12/2022/2:37:16;21.25;51.50;1
19/12/2022/2:42:17;21.20;51.50;1
19/12/2022/2:47:19;21.20;52.00;1
19/12/2022/2:52:20;21.25;52.00;1
19/12/2022/2:57:21;21.20;52.00;1
19/12/2022/3:2:22;21.25;52.00;1
19/12/2022/3:7:23;21.20;52.00;1
19/12/2022/3:12:25;21.20;52.00;1
19/12/2022/3:17:26;21.15;52.00;1
19/12/2022/3:22:27;21.20;52.00;1
19/12/2022/3:27:28;21.20;52.00;1
19/12/2022/3:32:30;21.20;52.00;1
19/12/2022/3:37:31;21.20;52.50;1
19/12/2022/3:42:32;21.20;52.50;1
19/12/2022/3:47:33;21.15;52.50;1
19/12/2022/3:52:34;21.15;52.50;1
19/12/2022/3:57:36;21.15;52.50;1
19/12/2022/4:2:37;21.15;52.50;1
19/12/2022/4:7:38;21.15;52.50;1
19/12/2022/4:12:39;21.15;53.00;1
19/12/2022/4:17:41;21.10;53.00;1
19/12/2022/4:22:42;21.15;53.00;1
19/12/2022/4:27:43;21.10;53.00;1
19/12/2022/4:32:44;21.15;53.00;1
19/12/2022/4:37:45;21.10;53.50;1
19/12/2022/4:42:47;21.05;53.50;1
19/12/2022/4:47:48;21.05;53.50;1
19/12/2022/4:52:49;21.05;53.50;1
19/12/2022/4:57:50;21.05;53.00;1
19/12/2022/5:2:52;21.05;53.50;1
19/12/2022/5:7:53;21.00;53.50;1
19/12/2022/5:12:54;21.05;53.50;1
19/12/2022/5:17:55;21.05;53.50;1
19/12/2022/5:22:56;21.05;53.50;1
19/12/2022/5:27:58;21.05;53.50;1
19/12/2022/5:32:59;21.05;53.50;1
19/12/2022/5:38:0;20.95;54.00;1
19/12/2022/5:43:1;21.00;53.50;1
19/12/2022/5:48:2;21.00;53.50;1
19/12/2022/5:53:4;21.00;53.50;1
19/12/2022/5:58:5;21.00;53.50;1
19/12/2022/6:3:6;21.00;53.50;1
19/12/2022/6:8:7;20.95;54.00;1
19/12/2022/6:13:9;21.00;53.50;1
19/12/2022/6:18:10;21.00;53.50;1
19/12/2022/6:23:12;20.95;54.00;1
19/12/2022/6:28:12;20.95;54.00;1
19/12/2022/6:33:13;21.00;54.00;1
19/12/2022/6:38:15;21.00;54.00;1
19/12/2022/6:43:16;21.00;54.00;1
19/12/2022/6:48:17;21.00;54.00;1
19/12/2022/6:53:18;21.00;54.00;1
19/12/2022/6:58:19;21.00;54.00;1
19/12/2022/7:3:21;21.05;54.00;1
19/12/2022/7:8:22;21.05;54.00;1
19/12/2022/7:13:23;21.05;54.00;1
19/12/2022/7:18:24;21.10;54.00;1
19/12/2022/7:23:26;21.05;54.00;1
19/12/2022/7:28:27;21.10;54.00;1
19/12/2022/7:33:28;21.10;54.50;1
19/12/2022/7:38:29;21.10;54.50;1
19/12/2022/7:43:30;21.10;54.00;1
19/12/2022/7:48:32;21.10;54.00;1
19/12/2022/7:53:33;21.15;54.50;1
19/12/2022/7:58:34;21.10;55.50;1
19/12/2022/8:3:35;21.10;56.00;1
19/12/2022/8:8:37;21.15;56.00;1
19/12/2022/8:13:38;21.15;55.00;1
19/12/2022/8:18:39;21.20;55.00;1
19/12/2022/8:23:40;21.20;54.50;1
19/12/2022/8:28:41;21.20;54.50;1
19/12/2022/8:33:43;21.20;55.00;1
19/12/2022/8:38:44;21.25;55.00;1
19/12/2022/8:43:45;21.30;54.50;1
19/12/2022/8:48:46;21.30;55.00;1
19/12/2022/8:53:48;21.30;55.00;1
19/12/2022/8:58:49;21.30;55.00;1
19/12/2022/9:3:50;21.35;55.50;1
19/12/2022/9:8:51;21.30;56.00;1
19/12/2022/9:13:53;21.30;55.50;1
19/12/2022/9:18:54;21.85;54.50;1
19/12/2022/9:23:55;21.80;54.00;1
19/12/2022/9:28:56;21.30;54.00;1
19/12/2022/9:33:57;21.85;53.00;1
19/12/2022/9:38:59;21.85;53.00;1
19/12/2022/9:44:0;21.85;53.00;1
19/12/2022/9:49:1;21.85;53.00;1
19/12/2022/9:54:2;21.85;53.00;1
19/12/2022/9:59:4;21.85;53.50;1
19/12/2022/10:4:5;21.85;53.50;1
19/12/2022/10:9:6;21.85;54.50;1
19/12/2022/10:14:7;21.85;54.50;1
19/12/2022/10:19:9;21.30;55.50;1
19/12/2022/10:24:10;21.30;56.00;1
19/12/2022/10:29:12;21.35;55.50;1
19/12/2022/10:34:12;21.85;55.50;1
19/12/2022/10:39:13;21.85;55.50;1
19/12/2022/10:44:15;21.85;56.00;1
19/12/2022/10:49:16;21.35;56.00;1
19/12/2022/10:54:17;21.90;56.00;1
19/12/2022/10:59:18;21.85;56.00;1
19/12/2022/12:4:20;21.85;55.50;1
19/12/2022/12:9:21;21.85;55.50;1
19/12/2022/12:14:22;21.85;55.50;1
19/12/2022/12:19:23;21.85;56.00;1
19/12/2022/12:24:25;21.85;56.00;1
19/12/2022/12:29:26;21.85;56.50;1
19/12/2022/12:34:27;21.85;56.50;1
19/12/2022/12:39:28;21.85;57.00;1
19/12/2022/12:44:29;21.85;56.50;1
19/12/2022/12:49:31;21.85;56.50;1
19/12/2022/12:54:32;21.90;56.00;1
19/12/2022/12:59:33;21.90;55.50;1
19/12/2022/12:4:34;21.90;55.00;1
19/12/2022/12:9:36;21.95;55.50;1
19/12/2022/12:14:37;21.95;55.00;1
19/12/2022/12:19:38;21.95;55.00;1
19/12/2022/12:24:39;21.95;54.50;1
19/12/2022/12:29:41;21.95;54.50;1
19/12/2022/12:34:42;21.95;54.50;1
19/12/2022/12:39:43;22.00;54.00;1
19/12/2022/12:44:44;22.00;53.50;1
19/12/2022/12:49:45;22.05;53.50;1
19/12/2022/12:54:47;22.05;53.00;1
19/12/2022/12:59:48;22.05;52.50;1
19/12/2022/13:4:49;22.05;52.50;1
19/12/2022/13:9:50;22.10;52.50;1
19/12/2022/13:14:51;22.15;52.00;1
19/12/2022/13:19:53;22.20;52.00;1
19/12/2022/13:24:54;22.20;51.00;1
19/12/2022/13:29:55;22.20;50.50;1
19/12/2022/13:34:56;22.20;50.50;1
19/12/2022/13:39:58;22.20;50.00;1
19/12/2022/13:44:59;22.20;50.50;1
19/12/2022/13:50:0;22.20;50.50;1
